PLAYER NAME,POS,AVG_RK,AVG_FAN PTS,AVG_PASS_TDS,AVG_PASS_YDS,AVG_REC,AVG_REC_TDS,AVG_REC_YDS,AVG_RUSH_ATT,AVG_RUSH_TDS,AVG_RUSH_YDS,BEST_RK,FAN PTS,PASS_TDS,PASS_YDS,PPR_AVG_RK,PPR_AVG_FAN PTS,PPR_BEST_RK,PPR_FAN PTS,PPR_RK,PPR_STD.DEV_RK,PPR_TIERS,PPR_WORST_RK,REC,REC_TDS,REC_YDS,RK,RUSH_ATT,RUSH_TDS,RUSH_YDS,STD.DEV_RK,TEAM,TIERS,WORST_RK,FULL_SOS,SEASON_SOS,PLAYOFF_SOS,DEPTH
A.J. Brown,WR,20.6,12.7,0.0,0.0,5.0,0.8,76.8,0.0,0.0,0.0,11.0,177.5,0.0,0.0,21.4,17.7,9.0,247.5,21.0,5.3,3.0,49.0,70.0,11.0,1075.0,19.0,0.0,0.0,0.0,4.1,TEN,3.0,44.0,25,27,20,1
A.J. Green,WR,216.0,4.0,0.0,0.0,2.9,0.1,32.7,0.0,0.0,0.0,62.0,64.3,0.0,0.0,210.8,7.0,62.0,111.3,205.0,26.5,11.0,321.0,47.0,2.0,523.0,208.0,0.0,0.0,0.0,27.4,ARI,11.0,330.0,11,13,15,3
AJ Dillon,RB,108.8,3.5,0.0,0.0,0.2,0.0,1.9,4.2,0.2,22.0,60.0,38.3,0.0,0.0,127.7,3.7,83.0,40.3,123.0,16.8,9.0,177.0,2.0,0.0,21.0,110.0,46.0,2.0,242.0,16.1,GB,8.0,168.0,30,26,27,2
Aaron Jones,RB,8.8,15.1,0.0,0.0,3.4,0.1,25.4,14.4,0.6,78.9,3.0,211.9,0.0,0.0,11.8,18.5,4.0,258.9,10.0,5.1,2.0,28.0,47.0,2.0,355.0,9.0,201.0,9.0,1104.0,2.9,GB,2.0,22.0,30,26,27,1
Aaron Rodgers,QB,76.1,24.2,3.0,268.7,0.0,0.0,0.0,2.4,0.2,9.3,43.0,387.26,48.0,4299.0,76.6,24.3,52.0,388.26,72.0,11.9,7.0,114.0,0.0,0.0,0.0,69.0,38.0,3.0,149.0,11.9,GB,7.0,111.0,31,29,20,1
Adam Humphries,WR,310.9,5.0,0.0,0.0,3.3,0.3,32.6,0.1,0.0,0.0,128.0,34.8,0.0,0.0,300.2,8.3,113.0,57.8,386.0,67.4,14.0,396.0,23.0,2.0,228.0,394.0,1.0,0.0,0.0,66.6,WAS,15.0,377.0,14,25,1,3
Adam Shaheen,TE,333.5,2.1,0.0,0.0,0.8,0.2,9.4,0.0,0.0,0.0,331.0,33.0,0.0,0.0,326.5,2.8,318.0,45.0,488.0,8.5,16.0,335.0,12.0,3.0,150.0,491.0,0.0,0.0,0.0,2.5,MIA,16.0,336.0,2,2,29,2
Adam Thielen,WR,45.2,12.0,0.0,0.0,4.9,0.9,61.7,0.2,0.0,1.0,27.0,180.0,0.0,0.0,50.3,16.9,36.0,254.0,46.0,9.4,5.0,90.0,74.0,14.0,925.0,44.0,3.0,0.0,15.0,7.7,MIN,5.0,86.0,18,6,28,2
Adam Trautman,TE,160.6,1.5,0.0,0.0,1.0,0.1,11.4,0.0,0.0,0.0,69.0,23.1,0.0,0.0,156.4,2.5,92.0,38.1,158.0,49.4,10.0,294.0,15.0,1.0,171.0,155.0,0.0,0.0,0.0,54.3,NO,10.0,364.0,8,21,3,1
Adrian Peterson,RB,327.0,7.0,0.0,0.0,0.8,0.0,6.3,9.8,0.4,37.8,233.0,112.5,0.0,0.0,318.4,7.8,156.0,124.5,344.0,34.4,14.0,369.0,12.0,0.0,101.0,352.0,156.0,7.0,604.0,30.3,FA,14.0,385.0,33,33,33,0
Albert Okwuegbunam,TE,324.7,4.5,0.0,0.0,2.8,0.3,30.3,0.0,0.0,0.0,184.0,18.1,0.0,0.0,323.5,7.3,185.0,29.1,374.0,35.6,14.0,387.0,11.0,1.0,121.0,374.0,0.0,0.0,0.0,37.7,DEN,14.0,378.0,4,7,12,2
Aldrick Rosas,K,331.0,6.5,0.0,0.0,0.0,0.0,0.0,0.0,0.0,0.0,309.0,39.0,0.0,0.0,327.0,6.5,309.0,39.0,468.0,13.6,16.0,342.0,0.0,0.0,0.0,471.0,0.0,0.0,0.0,15.6,JAC,16.0,342.0,14,15,7,0
Alex Collins,RB,246.6,6.7,0.0,0.0,0.3,0.0,1.3,6.0,0.7,25.7,180.0,20.1,0.0,0.0,309.8,7.0,183.0,21.1,417.0,67.5,15.0,376.0,1.0,0.0,4.0,415.0,18.0,2.0,77.0,54.0,SEA,15.0,318.0,24,30,9,4
Alexander Mattison,RB,150.4,5.7,0.0,0.0,1.0,0.1,9.6,7.4,0.2,33.4,99.0,73.9,0.0,0.0,161.0,6.7,110.0,86.9,153.0,27.4,9.0,359.0,13.0,1.0,125.0,138.0,96.0,2.0,434.0,27.0,MIN,9.0,317.0,12,6,28,2
Allen Lazard,WR,199.6,6.5,0.0,0.0,3.3,0.3,45.1,0.2,0.0,1.7,136.0,64.8,0.0,0.0,204.3,9.8,138.0,97.8,197.0,26.9,11.0,297.0,33.0,3.0,451.0,196.0,2.0,0.0,17.0,26.9,GB,11.0,295.0,29,29,19,4
Allen Robinson II,WR,30.8,10.1,0.0,0.0,6.4,0.4,78.1,0.1,0.0,-0.1,16.0,160.9,0.0,0.0,24.6,16.4,12.0,262.9,24.0,4.4,4.0,36.0,102.0,6.0,1250.0,29.0,1.0,0.0,-1.0,4.3,CHI,4.0,45.0,12,19,9,0
Alshon Jeffery,WR,324.3,2.5,0.0,0.0,0.9,0.1,16.4,0.0,0.0,0.0,265.0,17.5,0.0,0.0,331.4,3.4,265.0,23.5,396.0,26.6,15.0,373.0,6.0,1.0,115.0,395.0,0.0,0.0,0.0,26.8,FA,15.0,385.0,33,33,33,0
Alvin Kamara,RB,5.8,19.7,0.0,0.0,5.5,0.3,50.4,12.5,1.1,62.1,2.0,294.8,0.0,0.0,3.6,25.2,2.0,377.8,3.0,1.2,1.0,10.0,83.0,5.0,756.0,4.0,187.0,16.0,932.0,2.6,NO,2.0,27.0,25,21,22,1
Amari Cooper,WR,37.0,9.1,0.0,0.0,5.8,0.3,69.6,0.4,0.0,0.9,24.0,144.8,0.0,0.0,34.6,14.8,21.0,236.8,32.0,5.0,4.0,64.0,92.0,5.0,1114.0,37.0,6.0,0.0,14.0,5.9,DAL,5.0,65.0,27,21,27,2
Amari Rodgers,WR,260.7,0.0,0.0,0.0,0.0,0.0,0.0,0.0,0.0,0.0,148.0,0.0,0.0,0.0,259.1,0.0,159.0,0.0,264.0,39.5,12.0,375.0,0.0,0.0,0.0,269.0,0.0,0.0,0.0,39.4,GB,12.0,375.0,29,29,19,3
Ameer Abdullah,RB,328.3,1.4,0.0,0.0,0.5,0.1,3.6,0.5,0.0,2.6,245.0,22.0,0.0,0.0,334.2,1.9,257.0,30.0,449.0,47.4,15.0,388.0,8.0,2.0,58.0,449.0,8.0,0.0,42.0,54.4,MIN,15.0,393.0,12,6,28,3
Amon-Ra St. Brown,WR,226.0,0.0,0.0,0.0,0.0,0.0,0.0,0.0,0.0,0.0,118.0,0.0,0.0,0.0,218.9,0.0,113.0,0.0,214.0,45.2,11.0,333.0,0.0,0.0,0.0,226.0,0.0,0.0,0.0,44.2,DET,11.0,354.0,23,30,6,3
Andrew Jacas,UNKNOWN,342.0,0.0,0.0,0.0,0.0,0.0,0.0,0.0,0.0,0.0,337.0,0.0,0.0,0.0,342.0,0.0,337.0,0.0,481.0,4.1,16.0,347.0,0.0,0.0,0.0,478.0,0.0,0.0,0.0,4.1,SF,16.0,347.0,33,33,33,0
Andy Dalton,QB,341.1,13.1,1.3,197.3,0.0,0.0,0.0,2.5,0.0,10.4,134.0,143.9,14.0,2170.0,337.6,13.2,120.0,144.9,348.0,36.3,14.0,396.0,0.0,0.0,0.0,351.0,28.0,0.0,114.0,34.5,CHI,14.0,396.0,23,22,23,2
Andy Isabella,WR,310.5,2.6,0.0,0.0,1.6,0.2,17.2,0.1,0.0,-0.5,262.0,33.8,0.0,0.0,307.0,4.2,247.0,54.8,320.0,28.9,13.0,375.0,21.0,2.0,224.0,321.0,1.0,0.0,-6.0,28.3,ARI,13.0,379.0,11,13,15,5
Anthony Firkser,TE,182.0,2.8,0.0,0.0,2.4,0.1,24.2,0.0,0.0,0.0,113.0,44.7,0.0,0.0,178.8,5.2,108.0,83.7,181.0,43.5,10.0,352.0,39.0,1.0,387.0,179.0,0.0,0.0,0.0,44.3,TEN,10.0,352.0,26,14,28,1
Anthony McFarland Jr.,RB,273.9,1.5,0.0,0.0,0.5,0.0,4.9,3.0,0.0,10.3,186.0,16.7,0.0,0.0,267.7,2.1,186.0,22.7,274.0,35.4,12.0,360.0,6.0,0.0,54.0,281.0,33.0,0.0,113.0,30.4,PIT,12.0,374.0,4,11,5,0
Anthony Miller,WR,246.8,3.7,0.0,0.0,3.1,0.1,30.3,0.1,0.0,0.8,189.0,59.7,0.0,0.0,237.3,6.8,137.0,108.7,245.0,29.0,12.0,333.0,49.0,2.0,485.0,253.0,2.0,0.0,12.0,28.8,HOU,12.0,333.0,10,14,13,3
Anthony Schwartz,WR,353.4,0.0,0.0,0.0,0.0,0.0,0.0,0.0,0.0,0.0,298.0,0.0,0.0,0.0,357.4,0.0,298.0,0.0,428.0,22.8,15.0,395.0,0.0,0.0,0.0,432.0,0.0,0.0,0.0,21.0,CLE,15.0,375.0,32,31,24,5
Antonio Brown,WR,107.9,9.0,0.0,0.0,5.6,0.5,60.4,0.3,0.0,-0.3,43.0,72.1,0.0,0.0,101.1,14.6,37.0,117.1,101.0,24.1,8.0,184.0,45.0,4.0,483.0,111.0,2.0,0.0,-2.0,27.3,TB,8.0,196.0,19,15,21,3
Antonio Gandy-Golden,WR,333.1,0.4,0.0,0.0,0.2,0.0,0.5,0.2,0.0,3.7,286.0,2.5,0.0,0.0,339.7,0.6,278.0,3.5,384.0,25.1,14.0,379.0,1.0,0.0,3.0,379.0,1.0,0.0,22.0,26.1,WAS,14.0,378.0,14,25,1,6
Antonio Gibson,RB,17.2,11.9,0.0,0.0,2.6,0.0,17.6,12.1,0.8,56.8,5.0,166.2,0.0,0.0,22.5,14.4,7.0,202.2,23.0,7.1,4.0,51.0,36.0,0.0,247.0,15.0,170.0,11.0,795.0,7.4,WAS,3.0,42.0,18,18,11,1
Arizona Cardinals,DEF,290.7,6.8,0.0,0.0,0.0,0.0,0.0,0.0,0.0,0.0,159.0,108.0,0.0,0.0,290.7,6.8,200.0,108.0,289.0,26.6,13.0,337.0,0.0,0.0,0.0,290.0,0.0,0.0,0.0,26.9,ARI,13.0,337.0,18,17,17,0
Atlanta Falcons,DEF,320.0,4.5,0.0,0.0,0.0,0.0,0.0,0.0,0.0,0.0,201.0,72.0,0.0,0.0,320.2,4.5,201.0,72.0,318.0,12.9,13.0,345.0,0.0,0.0,0.0,315.0,0.0,0.0,0.0,13.9,ATL,13.0,360.0,1,2,3,0
Auden Tate,WR,343.0,1.7,0.0,0.0,1.6,0.0,16.7,0.0,0.0,0.0,240.0,15.0,0.0,0.0,340.1,3.2,231.0,29.0,411.0,34.3,15.0,388.0,14.0,0.0,150.0,412.0,0.0,0.0,0.0,32.9,CIN,15.0,396.0,24,20,22,4
Austin Ekeler,RB,25.6,11.1,0.0,0.0,5.4,0.2,40.3,11.6,0.1,53.0,6.0,111.3,0.0,0.0,12.4,16.5,3.0,165.3,11.0,31.2,2.0,330.0,54.0,2.0,403.0,23.0,116.0,1.0,530.0,30.4,LAC,4.0,334.0,13,25,3,1
Austin Hooper,TE,163.7,5.2,0.0,0.0,3.5,0.3,33.5,0.0,0.0,0.0,94.0,67.5,0.0,0.0,164.4,8.7,78.0,113.5,156.0,31.2,10.0,258.0,46.0,4.0,435.0,149.0,0.0,0.0,0.0,31.8,CLE,10.0,258.0,22,17,21,1
Austin Seibert,K,309.6,5.4,0.0,0.0,0.0,0.0,0.0,0.0,0.0,0.0,125.0,27.0,0.0,0.0,309.9,5.4,111.0,27.0,309.0,20.4,13.0,351.0,0.0,0.0,0.0,311.0,0.0,0.0,0.0,20.1,CIN,13.0,351.0,8,19,5,0
Baker Mayfield,QB,139.2,16.0,1.6,222.7,0.0,0.0,0.0,3.4,0.1,10.3,79.0,255.62,26.0,3563.0,138.7,16.0,66.0,256.62,132.0,25.3,9.0,254.0,0.0,0.0,0.0,129.0,54.0,1.0,165.0,25.5,CLE,9.0,254.0,29,27,25,1
Baltimore Ravens,DEF,155.2,8.3,0.0,0.0,0.0,0.0,0.0,0.0,0.0,0.0,84.0,141.0,0.0,0.0,156.4,8.3,70.0,141.0,159.0,13.8,10.0,220.0,0.0,0.0,0.0,160.0,0.0,0.0,0.0,11.9,BAL,10.0,212.0,32,32,29,0
Ben Roethlisberger,QB,157.1,18.5,2.2,253.5,0.0,0.0,0.0,1.7,0.0,0.7,88.0,277.22,33.0,3803.0,156.4,18.5,74.0,277.22,147.0,20.6,9.0,202.0,0.0,0.0,0.0,145.0,25.0,0.0,11.0,19.8,PIT,9.0,202.0,9,14,9,1
Benny Snell Jr.,RB,208.2,4.1,0.0,0.0,0.6,0.0,3.8,6.9,0.3,23.0,125.0,64.9,0.0,0.0,225.8,4.7,143.0,74.9,233.0,48.7,11.0,379.0,10.0,0.0,61.0,213.0,111.0,4.0,368.0,44.7,PIT,11.0,357.0,4,11,5,0
Blake Bell,TE,369.5,0.7,0.0,0.0,0.7,0.0,6.9,0.1,0.0,0.1,368.0,11.2,0.0,0.0,368.0,1.4,365.0,22.2,506.0,3.0,16.0,371.0,11.0,0.0,110.0,504.0,1.0,0.0,2.0,1.5,KC,16.0,371.0,23,20,20,2
Blake Jarwin,TE,154.0,1.2,0.0,0.0,1.0,0.0,12.0,0.0,0.0,0.0,92.0,1.2,0.0,0.0,155.0,2.2,92.0,2.2,143.0,28.2,9.0,259.0,1.0,0.0,12.0,140.0,0.0,0.0,0.0,27.5,DAL,9.0,256.0,16,6,24,1
Boston Scott,RB,264.9,4.4,0.0,0.0,1.6,0.1,13.3,5.0,0.1,23.4,143.0,70.6,0.0,0.0,224.2,6.0,120.0,95.6,239.0,42.7,12.0,362.0,25.0,1.0,212.0,273.0,80.0,1.0,374.0,41.6,PHI,12.0,363.0,15,3,30,2
Brandin Cooks,WR,82.8,10.1,0.0,0.0,5.4,0.4,76.7,0.0,0.0,0.0,37.0,151.0,0.0,0.0,84.8,15.5,39.0,232.0,79.0,16.1,7.0,172.0,81.0,6.0,1150.0,79.0,0.0,0.0,0.0,16.7,HOU,7.0,171.0,10,14,13,1
Brandon Aiyuk,WR,54.5,10.4,0.0,0.0,5.0,0.4,62.3,0.5,0.2,6.4,32.0,124.5,0.0,0.0,58.9,15.4,33.0,184.5,58.0,9.8,6.0,82.0,60.0,5.0,748.0,51.0,6.0,2.0,77.0,9.8,SF,6.0,86.0,1,9,2,2
Brandon McManus,K,270.4,9.1,0.0,0.0,0.0,0.0,0.0,0.0,0.0,0.0,117.0,136.0,0.0,0.0,269.7,9.1,103.0,136.0,267.0,19.9,12.0,292.0,0.0,0.0,0.0,266.0,0.0,0.0,0.0,19.0,DEN,12.0,300.0,10,17,1,0
Braxton Berrios,WR,332.8,3.8,0.0,0.0,2.3,0.2,24.6,0.2,0.0,1.8,222.0,60.3,0.0,0.0,381.8,6.1,223.0,97.3,502.0,12.6,16.0,396.0,37.0,3.0,394.0,441.0,3.0,0.0,29.0,63.0,NYJ,15.0,396.0,7,10,11,6
Breshad Perriman,WR,188.8,5.8,0.0,0.0,2.5,0.3,42.1,0.1,0.0,0.5,106.0,69.1,0.0,0.0,196.7,8.3,129.0,99.1,191.0,26.7,11.0,293.0,30.0,3.0,505.0,181.0,1.0,0.0,6.0,27.1,DET,10.0,271.0,23,30,6,2
Brevin Jordan,TE,340.9,0.0,0.0,0.0,0.0,0.0,0.0,0.0,0.0,0.0,260.0,0.0,0.0,0.0,340.2,0.0,260.0,0.0,398.0,31.9,15.0,378.0,0.0,0.0,0.0,399.0,0.0,0.0,0.0,31.4,HOU,15.0,389.0,10,12,16,2
Brian Hill,RB,310.3,4.4,0.0,0.0,1.6,0.0,12.4,6.3,0.1,29.1,177.0,70.4,0.0,0.0,331.1,6.0,186.0,95.4,341.0,29.2,14.0,393.0,25.0,0.0,199.0,322.0,100.0,1.0,465.0,30.8,TEN,13.0,376.0,19,16,16,3
Bryan Edwards,WR,224.6,2.1,0.0,0.0,0.9,0.1,16.1,0.0,0.0,0.0,88.0,25.3,0.0,0.0,226.0,3.0,99.0,36.3,220.0,33.6,11.0,384.0,11.0,1.0,193.0,219.0,0.0,0.0,0.0,32.1,LV,11.0,379.0,31,32,17,3
Bryce Love,RB,323.7,0.0,0.0,0.0,0.0,0.0,0.0,0.0,0.0,0.0,195.0,0.0,0.0,0.0,320.1,0.0,257.0,0.0,377.0,22.9,14.0,380.0,0.0,0.0,0.0,385.0,0.0,0.0,0.0,29.7,FA,14.0,368.0,33,33,33,0
Brycen Hopkins,TE,362.9,0.0,0.0,0.0,0.0,0.0,0.0,0.0,0.0,0.0,340.0,0.0,0.0,0.0,362.9,0.0,338.0,0.0,450.0,15.4,15.0,394.0,0.0,0.0,0.0,457.0,0.0,0.0,0.0,15.3,LAR,15.0,390.0,30,27,25,2
Buffalo Bills,DEF,190.3,7.4,0.0,0.0,0.0,0.0,0.0,0.0,0.0,0.0,89.0,118.0,0.0,0.0,191.5,7.4,75.0,118.0,187.0,21.0,10.0,250.0,0.0,0.0,0.0,188.0,0.0,0.0,0.0,20.1,BUF,10.0,250.0,27,29,10,0
Byron Pringle,WR,293.3,2.3,0.0,0.0,1.1,0.1,13.3,0.0,0.0,0.0,148.0,28.0,0.0,0.0,293.6,3.4,151.0,41.0,347.0,58.3,14.0,390.0,13.0,1.0,160.0,346.0,0.0,0.0,0.0,58.8,KC,14.0,390.0,26,23,25,4
C.J. Ham,RB,348.0,1.2,0.0,0.0,0.5,0.1,6.5,0.3,0.0,1.2,329.0,17.5,0.0,0.0,334.5,1.7,312.0,25.5,492.0,22.5,16.0,357.0,8.0,1.0,97.0,497.0,5.0,0.0,18.0,19.0,MIN,16.0,367.0,12,6,28,5
C.J. Uzomah,TE,292.9,7.3,0.0,0.0,4.0,0.5,43.5,0.0,0.0,0.0,136.0,14.7,0.0,0.0,289.8,11.3,136.0,22.7,349.0,46.7,14.0,378.0,8.0,1.0,87.0,344.0,0.0,0.0,0.0,48.9,CIN,14.0,373.0,24,15,27,2
Cairo Santos,K,309.1,8.7,0.0,0.0,0.0,0.0,0.0,0.0,0.0,0.0,217.0,139.0,0.0,0.0,309.1,8.7,217.0,139.0,336.0,21.8,14.0,353.0,0.0,0.0,0.0,338.0,0.0,0.0,0.0,21.7,CHI,14.0,353.0,22,28,13,0
Calvin Ridley,WR,15.8,12.8,0.0,0.0,6.0,0.6,91.6,0.3,0.0,0.1,10.0,191.5,0.0,0.0,13.8,18.8,5.0,281.5,14.0,2.7,3.0,30.0,90.0,9.0,1374.0,13.0,5.0,0.0,1.0,3.4,ATL,3.0,49.0,8,12,10,1
Cam Newton,QB,222.8,17.9,0.5,177.1,0.0,0.0,0.0,9.1,0.8,39.5,81.0,268.98,8.0,2657.0,223.0,18.1,67.0,270.98,209.0,58.5,11.0,341.0,0.0,0.0,0.0,209.0,137.0,12.0,592.0,57.7,NE,11.0,334.0,1,1,30,2
Cam Sims,WR,347.1,3.4,0.0,0.0,2.0,0.1,29.8,0.1,0.0,0.3,175.0,54.2,0.0,0.0,353.9,5.4,174.0,86.2,426.0,42.4,15.0,395.0,32.0,1.0,477.0,429.0,1.0,0.0,5.0,46.9,WAS,15.0,390.0,14,25,1,6
Cameron Brate,TE,345.9,2.5,0.0,0.0,1.8,0.1,17.6,0.0,0.0,0.0,299.0,40.2,0.0,0.0,344.9,4.3,291.0,68.2,392.0,18.5,14.0,386.0,28.0,2.0,282.0,397.0,0.0,0.0,0.0,15.3,TB,15.0,381.0,14,23,7,2
Carlos Hyde,RB,212.1,6.9,0.0,0.0,1.6,0.0,9.3,8.1,0.4,35.6,149.0,68.9,0.0,0.0,226.5,8.5,177.0,84.9,229.0,41.6,11.0,331.0,16.0,0.0,93.0,218.0,81.0,4.0,356.0,38.4,JAC,11.0,316.0,9,23,2,3
Carolina Panthers,DEF,310.1,6.2,0.0,0.0,0.0,0.0,0.0,0.0,0.0,0.0,165.0,99.0,0.0,0.0,311.7,6.2,225.0,99.0,331.0,19.9,13.0,345.0,0.0,0.0,0.0,328.0,0.0,0.0,0.0,22.7,CAR,13.0,347.0,6,3,27,0
Carson Wentz,QB,152.6,17.8,1.3,218.3,0.0,0.0,0.0,4.3,0.4,23.0,94.0,213.4,16.0,2620.0,153.3,17.8,95.0,213.4,146.0,47.3,9.0,364.0,0.0,0.0,0.0,144.0,52.0,5.0,276.0,45.9,IND,9.0,364.0,15,4,31,1
Cedrick Wilson,WR,361.5,2.2,0.0,0.0,1.1,0.1,11.8,0.2,0.0,-0.8,306.0,34.62,0.0,0.0,367.6,3.2,328.0,51.62,486.0,22.0,16.0,395.0,17.0,2.0,189.0,486.0,3.0,0.0,-12.0,33.3,DAL,16.0,394.0,27,21,27,4
CeeDee Lamb,WR,35.8,9.0,0.0,0.0,4.6,0.3,58.4,0.6,0.1,5.1,15.0,143.7,0.0,0.0,35.2,13.6,12.0,217.7,33.0,8.5,5.0,65.0,74.0,5.0,935.0,34.0,10.0,1.0,82.0,8.1,DAL,5.0,58.0,27,21,27,1
Chad Beebe,WR,369.5,2.1,0.0,0.0,1.4,0.1,14.4,0.0,0.0,0.0,357.0,30.1,0.0,0.0,369.0,3.6,357.0,50.1,496.0,13.6,16.0,390.0,20.0,2.0,201.0,493.0,0.0,0.0,0.0,13.4,MIN,16.0,389.0,18,6,28,3
Chase Claypool,WR,65.5,9.6,0.0,0.0,3.9,0.6,54.6,0.6,0.1,1.0,41.0,152.9,0.0,0.0,72.2,13.4,43.0,214.9,68.0,9.7,7.0,109.0,62.0,9.0,873.0,62.0,10.0,2.0,16.0,9.6,PIT,6.0,97.0,22,22,14,3
Chase Edmonds,RB,79.4,7.2,0.0,0.0,3.3,0.3,25.1,6.1,0.1,28.0,31.0,115.0,0.0,0.0,70.9,10.5,23.0,168.0,65.0,13.3,6.0,122.0,53.0,4.0,402.0,73.0,97.0,1.0,448.0,16.5,ARI,7.0,143.0,5,9,12,1
Chase McLaughlin,K,309.0,5.0,0.0,0.0,0.0,0.0,0.0,0.0,0.0,0.0,281.0,20.0,0.0,0.0,308.5,5.0,281.0,20.0,477.0,27.5,16.0,336.0,0.0,0.0,0.0,477.0,0.0,0.0,0.0,28.0,CLE,16.0,337.0,19,14,20,0
Chicago Bears,DEF,216.7,5.6,0.0,0.0,0.0,0.0,0.0,0.0,0.0,0.0,92.0,90.0,0.0,0.0,217.2,5.6,78.0,90.0,211.0,23.2,11.0,307.0,0.0,0.0,0.0,212.0,0.0,0.0,0.0,22.4,CHI,11.0,307.0,23,25,9,0
Chris Boswell,K,282.4,7.7,0.0,0.0,0.0,0.0,0.0,0.0,0.0,0.0,118.0,100.0,0.0,0.0,282.6,7.7,104.0,100.0,279.0,18.0,12.0,326.0,0.0,0.0,0.0,279.0,0.0,0.0,0.0,17.8,PIT,12.0,326.0,4,7,15,0
Chris Carson,RB,34.8,12.6,0.0,0.0,3.1,0.3,23.9,11.8,0.4,56.8,12.0,150.8,0.0,0.0,38.3,15.7,20.0,187.8,37.0,8.3,5.0,60.0,37.0,4.0,287.0,32.0,141.0,5.0,681.0,8.0,SEA,4.0,66.0,24,30,9,1
Chris Conley,WR,334.4,3.8,0.0,0.0,2.7,0.1,31.4,0.0,0.0,0.0,293.0,57.1,0.0,0.0,334.0,6.5,264.0,97.1,423.0,30.4,15.0,372.0,40.0,2.0,471.0,419.0,0.0,0.0,0.0,32.2,HOU,15.0,382.0,10,14,13,7
Chris Evans,RB,284.5,0.0,0.0,0.0,0.0,0.0,0.0,0.0,0.0,0.0,187.0,0.0,0.0,0.0,305.8,0.0,184.0,0.0,370.0,69.3,14.0,393.0,0.0,0.0,0.0,369.0,0.0,0.0,0.0,61.9,CIN,14.0,364.0,10,7,23,3
Chris Godwin,WR,36.6,10.5,0.0,0.0,5.4,0.6,70.0,0.0,0.0,0.0,25.0,126.0,0.0,0.0,35.6,15.9,24.0,191.0,34.0,5.1,5.0,62.0,65.0,7.0,840.0,35.0,0.0,0.0,0.0,5.7,TB,5.0,77.0,19,15,21,2
Chris Herndon IV,TE,260.5,2.7,0.0,0.0,1.9,0.2,17.9,0.0,0.0,0.0,168.0,42.7,0.0,0.0,248.3,4.6,163.0,73.7,254.0,34.5,12.0,344.0,31.0,3.0,287.0,265.0,0.0,0.0,0.0,27.1,NYJ,12.0,348.0,9,9,15,0
Chris Manhertz,TE,326.5,0.3,0.0,0.0,0.4,0.0,3.3,0.0,0.0,0.0,299.0,5.2,0.0,0.0,321.0,0.7,291.0,11.2,483.0,30.0,16.0,351.0,6.0,0.0,52.0,487.0,0.0,0.0,0.0,27.5,JAC,16.0,354.0,15,25,2,4
Chris Thompson,RB,327.0,2.8,0.0,0.0,2.5,0.1,18.3,0.9,0.0,2.5,199.0,22.6,0.0,0.0,333.3,5.3,227.0,42.6,359.0,22.1,14.0,389.0,20.0,1.0,146.0,360.0,7.0,0.0,20.0,28.2,FA,14.0,393.0,33,33,33,0
Christian Kirk,WR,178.4,7.0,0.0,0.0,3.4,0.4,44.4,0.1,0.0,0.2,97.0,98.4,0.0,0.0,179.1,10.5,99.0,146.4,167.0,27.6,10.0,244.0,48.0,6.0,621.0,167.0,2.0,0.0,3.0,29.5,ARI,10.0,262.0,11,13,15,2
Christian McCaffrey,RB,1.1,24.4,0.0,0.0,5.7,0.3,49.7,19.7,1.7,75.0,1.0,73.3,0.0,0.0,1.1,30.1,1.0,90.3,1.0,0.3,1.0,3.0,17.0,1.0,149.0,1.0,59.0,5.0,225.0,0.4,CAR,1.0,4.0,27,20,26,1
Chuba Hubbard,RB,228.0,0.0,0.0,0.0,0.0,0.0,0.0,0.0,0.0,0.0,126.0,0.0,0.0,0.0,231.3,0.0,131.0,0.0,228.0,52.5,11.0,365.0,0.0,0.0,0.0,230.0,0.0,0.0,0.0,51.7,CAR,11.0,381.0,27,20,26,2
Cincinnati Bengals,DEF,333.4,2.8,0.0,0.0,0.0,0.0,0.0,0.0,0.0,0.0,207.0,45.0,0.0,0.0,336.5,2.8,294.0,45.0,395.0,15.6,15.0,355.0,0.0,0.0,0.0,387.0,0.0,0.0,0.0,17.5,CIN,14.0,355.0,12,27,2,0
Cleveland Browns,DEF,231.4,6.1,0.0,0.0,0.0,0.0,0.0,0.0,0.0,0.0,103.0,97.0,0.0,0.0,232.0,6.1,89.0,97.0,223.0,32.4,11.0,314.0,0.0,0.0,0.0,228.0,0.0,0.0,0.0,32.2,CLE,11.0,314.0,26,22,18,0
Clyde Edwards-Helaire,RB,28.4,10.8,0.0,0.0,2.8,0.1,22.8,13.9,0.3,61.8,7.0,140.0,0.0,0.0,29.3,13.5,6.0,176.0,28.0,8.8,4.0,60.0,36.0,1.0,297.0,25.0,181.0,4.0,803.0,10.5,KC,4.0,83.0,16,15,13,1
Cody Parkey,K,309.6,7.3,0.0,0.0,0.0,0.0,0.0,0.0,0.0,0.0,216.0,110.0,0.0,0.0,310.9,7.3,249.0,110.0,355.0,24.7,14.0,353.0,0.0,0.0,0.0,357.0,0.0,0.0,0.0,26.3,CLE,14.0,353.0,19,14,20,0
Cole Beasley,WR,159.6,8.4,0.0,0.0,5.5,0.3,64.5,0.0,0.0,0.0,83.0,125.5,0.0,0.0,146.2,13.8,84.0,207.5,137.0,28.5,9.0,211.0,82.0,4.0,967.0,146.0,0.0,0.0,0.0,25.3,BUF,9.0,223.0,16,16,18,2
Cole Kmet,TE,161.4,2.1,0.0,0.0,1.8,0.1,15.2,0.1,0.0,-0.2,90.0,34.0,0.0,0.0,151.7,3.9,78.0,62.0,144.0,26.0,9.0,260.0,28.0,2.0,243.0,153.0,1.0,0.0,-3.0,25.6,CHI,10.0,267.0,31,31,26,1
Collin Johnson,WR,350.9,2.9,0.0,0.0,1.3,0.1,19.4,0.0,0.0,0.0,262.0,41.2,0.0,0.0,337.0,4.2,260.0,59.2,393.0,36.7,15.0,389.0,18.0,2.0,272.0,408.0,0.0,0.0,0.0,29.8,JAC,15.0,384.0,4,8,3,4
Cooper Kupp,WR,50.1,7.8,0.0,0.0,6.1,0.2,64.9,0.3,0.0,2.2,33.0,116.7,0.0,0.0,42.9,13.9,29.0,208.7,43.0,7.7,5.0,88.0,92.0,3.0,974.0,46.0,4.0,0.0,33.0,8.3,LAR,5.0,79.0,3,5,4,2
Cordarrelle Patterson,WR,294.1,3.0,0.0,0.0,1.3,0.0,8.3,4.0,0.1,14.5,206.0,48.4,0.0,0.0,335.9,4.3,226.0,69.4,381.0,33.8,14.0,383.0,21.0,0.0,132.0,362.0,64.0,1.0,232.0,38.9,ATL,14.0,379.0,8,12,10,3
Corey Davis,WR,110.8,9.0,0.0,0.0,4.6,0.4,70.3,0.0,0.0,0.0,62.0,126.4,0.0,0.0,103.8,13.7,48.0,191.4,100.0,16.1,8.0,147.0,65.0,5.0,984.0,112.0,0.0,0.0,0.0,17.4,NYJ,8.0,157.0,7,10,11,1
Cornell Powell,WR,320.8,0.0,0.0,0.0,0.0,0.0,0.0,0.0,0.0,0.0,201.0,0.0,0.0,0.0,319.6,0.0,201.0,0.0,397.0,55.2,15.0,380.0,0.0,0.0,0.0,400.0,0.0,0.0,0.0,55.7,KC,15.0,381.0,26,23,25,6
Courtland Sutton,WR,62.5,6.6,0.0,0.0,3.0,0.0,66.0,0.0,0.0,0.0,35.0,6.6,0.0,0.0,68.1,9.6,36.0,9.6,64.0,10.8,6.0,111.0,3.0,0.0,66.0,60.0,0.0,0.0,0.0,11.3,DEN,6.0,102.0,21,26,8,2
Curtis Samuel,WR,89.5,9.0,0.0,0.0,5.1,0.2,56.7,2.7,0.1,13.3,50.0,135.1,0.0,0.0,93.9,14.1,48.0,212.1,91.0,23.0,7.0,244.0,77.0,3.0,851.0,86.0,41.0,2.0,200.0,22.1,WAS,7.0,243.0,14,25,1,2
D'Andre Swift,RB,39.0,11.1,0.0,0.0,3.5,0.2,27.5,8.8,0.6,40.1,9.0,143.8,0.0,0.0,32.1,14.6,7.0,189.8,30.0,11.8,4.0,112.0,46.0,2.0,357.0,38.0,114.0,8.0,521.0,13.1,DET,5.0,120.0,29,29,21,1
D'Onta Foreman,RB,343.7,2.7,0.0,0.0,0.2,0.2,0.8,3.7,0.0,15.8,276.0,16.0,0.0,0.0,374.0,2.8,369.0,17.0,507.0,5.0,16.0,379.0,1.0,1.0,5.0,479.0,22.0,0.0,95.0,48.6,FA,16.0,388.0,33,33,33,0
D'Wayne Eskridge,WR,283.6,0.0,0.0,0.0,0.0,0.0,0.0,0.0,0.0,0.0,111.0,0.0,0.0,0.0,282.6,0.0,109.0,0.0,317.0,50.7,13.0,381.0,0.0,0.0,0.0,313.0,0.0,0.0,0.0,50.3,SEA,13.0,381.0,30,28,26,3
D.J. Chark Jr.,WR,70.4,7.7,0.0,0.0,4.1,0.4,54.3,0.0,0.0,0.0,43.0,100.6,0.0,0.0,72.8,11.8,37.0,153.6,69.0,12.4,7.0,122.0,53.0,5.0,706.0,65.0,0.0,0.0,0.0,11.0,JAC,6.0,113.0,4,8,3,0
D.J. Moore,WR,41.0,9.7,0.0,0.0,4.4,0.3,79.5,0.1,0.0,1.5,25.0,145.5,0.0,0.0,40.3,14.1,21.0,211.5,38.0,5.7,5.0,98.0,66.0,4.0,1193.0,41.0,2.0,0.0,22.0,6.1,CAR,5.0,95.0,5,7,7,1
D.K. Metcalf,WR,20.0,11.8,0.0,0.0,5.2,0.6,81.4,0.0,0.0,0.0,10.0,188.3,0.0,0.0,19.7,17.0,9.0,271.3,16.0,4.7,3.0,32.0,83.0,10.0,1303.0,18.0,0.0,0.0,0.0,3.8,SEA,3.0,30.0,30,28,26,0
Dak Prescott,QB,57.4,27.7,1.8,371.2,0.0,0.0,0.0,3.6,0.6,18.6,19.0,138.64,9.0,1856.0,57.8,27.9,19.0,139.64,56.0,8.7,6.0,91.0,0.0,0.0,0.0,57.0,18.0,3.0,93.0,9.2,DAL,6.0,91.0,21,11,26,1
Dallas Cowboys,DEF,300.6,4.8,0.0,0.0,0.0,0.0,0.0,0.0,0.0,0.0,200.0,76.0,0.0,0.0,300.6,4.8,165.0,76.0,298.0,23.7,13.0,340.0,0.0,0.0,0.0,300.0,0.0,0.0,0.0,23.3,DAL,13.0,340.0,4,11,6,0
Dallas Goedert,TE,83.5,6.4,0.0,0.0,4.2,0.3,47.6,0.0,0.0,0.0,52.0,70.4,0.0,0.0,80.0,10.6,49.0,116.4,74.0,16.8,7.0,173.0,46.0,3.0,524.0,80.0,0.0,0.0,0.0,18.7,PHI,7.0,163.0,11,3,31,1
Dalton Schultz,TE,284.2,5.2,0.0,0.0,3.9,0.3,38.4,0.0,0.0,0.0,108.0,83.5,0.0,0.0,277.7,9.2,92.0,146.5,326.0,47.4,13.0,354.0,63.0,4.0,615.0,325.0,0.0,0.0,0.0,46.3,DAL,13.0,365.0,16,6,24,2
Dalvin Cook,RB,2.2,21.0,0.0,0.0,3.1,0.1,25.8,22.3,1.1,111.2,1.0,293.8,0.0,0.0,2.1,24.1,1.0,337.8,2.0,0.5,1.0,7.0,44.0,1.0,361.0,2.0,312.0,16.0,1557.0,0.6,MIN,1.0,5.0,12,6,28,1
Damien Harris,RB,76.0,8.6,0.0,0.0,0.5,0.0,5.2,13.7,0.2,69.1,27.0,86.3,0.0,0.0,90.4,9.1,52.0,91.3,85.0,17.6,7.0,144.0,5.0,0.0,52.0,68.0,137.0,2.0,691.0,14.2,NE,7.0,121.0,22,4,31,1
Damien Williams,RB,235.3,0.0,0.0,0.0,0.0,0.0,0.0,0.0,0.0,0.0,134.0,0.0,0.0,0.0,220.2,0.0,137.0,0.0,212.0,43.7,11.0,359.0,0.0,0.0,0.0,234.0,0.0,0.0,0.0,43.1,CHI,11.0,362.0,8,13,7,3
Damiere Byrd,WR,340.3,4.2,0.0,0.0,2.9,0.1,37.8,0.1,0.0,0.9,295.0,67.9,0.0,0.0,327.2,7.2,297.0,114.9,442.0,18.3,15.0,343.0,47.0,1.0,604.0,460.0,2.0,0.0,15.0,29.3,CHI,15.0,369.0,12,19,9,3
Dan Arnold,TE,246.8,4.1,0.0,0.0,1.9,0.3,27.4,0.0,0.0,0.0,121.0,65.8,0.0,0.0,251.8,6.0,127.0,96.8,258.0,38.1,12.0,340.0,31.0,4.0,438.0,252.0,0.0,0.0,0.0,38.8,CAR,12.0,362.0,5,19,1,1
Dan Bailey,K,290.0,5.6,0.0,0.0,0.0,0.0,0.0,0.0,0.0,0.0,233.0,90.0,0.0,0.0,288.8,5.6,183.0,90.0,340.0,26.6,14.0,326.0,0.0,0.0,0.0,345.0,0.0,0.0,0.0,25.3,FA,14.0,326.0,33,33,33,0
Daniel Carlson,K,264.6,9.7,0.0,0.0,0.0,0.0,0.0,0.0,0.0,0.0,128.0,155.0,0.0,0.0,264.9,9.7,114.0,155.0,262.0,24.6,12.0,330.0,0.0,0.0,0.0,263.0,0.0,0.0,0.0,24.3,LV,12.0,330.0,13,18,14,0
Daniel Jones,QB,153.0,13.6,0.8,210.2,0.0,0.0,0.0,4.6,0.1,30.2,85.0,190.02,11.0,2943.0,152.4,13.6,71.0,190.02,142.0,28.3,9.0,275.0,0.0,0.0,0.0,142.0,65.0,1.0,423.0,28.3,NYG,9.0,275.0,14,16,11,1
Danny Amendola,WR,324.5,4.3,0.0,0.0,3.3,0.0,43.0,0.1,0.0,0.1,268.0,60.4,0.0,0.0,319.9,7.6,269.0,106.4,379.0,26.6,14.0,369.0,46.0,0.0,602.0,381.0,1.0,0.0,2.0,28.3,FA,14.0,390.0,33,33,33,0
Dare Ogunbowale,RB,332.5,1.4,0.0,0.0,0.7,0.0,3.9,2.3,0.0,10.4,259.0,19.9,0.0,0.0,344.1,2.1,43.0,29.9,401.0,29.9,15.0,387.0,10.0,0.0,54.0,391.0,32.0,0.0,145.0,19.5,JAC,14.0,387.0,9,23,2,6
Darius Slayton,WR,197.3,5.7,0.0,0.0,3.1,0.2,46.9,0.1,0.0,-0.1,122.0,91.0,0.0,0.0,199.6,8.8,129.0,141.0,193.0,29.8,11.0,345.0,50.0,3.0,751.0,190.0,2.0,0.0,-1.0,32.5,NYG,11.0,343.0,13,17,12,3
Darnell Mooney,WR,141.8,5.7,0.0,0.0,3.8,0.3,39.4,0.3,0.0,1.3,72.0,91.1,0.0,0.0,130.8,9.5,62.0,152.1,127.0,26.4,9.0,216.0,61.0,4.0,631.0,134.0,4.0,0.0,20.0,27.3,CHI,9.0,223.0,12,19,9,2
Darrel Williams,RB,211.3,2.3,0.0,0.0,1.1,0.0,7.3,2.4,0.1,10.6,134.0,36.5,0.0,0.0,207.1,3.4,132.0,54.5,199.0,47.3,11.0,350.0,18.0,0.0,116.0,205.0,39.0,1.0,169.0,44.5,KC,11.0,342.0,16,15,13,3
Darrell Henderson,RB,50.4,7.6,0.0,0.0,1.1,0.1,10.6,9.2,0.3,41.6,22.0,114.3,0.0,0.0,55.2,8.7,28.0,130.3,53.0,18.9,6.0,134.0,16.0,1.0,159.0,47.0,138.0,5.0,624.0,23.9,LAR,5.0,129.0,1,5,10,1
Darren Fells,TE,348.7,3.5,0.0,0.0,1.3,0.3,19.5,0.0,0.0,0.0,325.0,55.2,0.0,0.0,354.5,4.8,325.0,76.2,443.0,16.1,15.0,390.0,21.0,4.0,312.0,446.0,0.0,0.0,0.0,9.2,DET,15.0,356.0,21,24,13,0
Darren Waller,TE,26.1,10.7,0.0,0.0,6.7,0.6,74.8,0.0,0.0,0.0,16.0,171.6,0.0,0.0,19.8,17.4,14.0,278.6,17.0,3.4,3.0,37.0,107.0,9.0,1196.0,24.0,0.0,0.0,0.0,4.0,LV,4.0,46.0,6,16,4,1
Darrynton Evans,RB,222.8,2.8,0.0,0.0,0.4,0.2,5.4,2.8,0.0,10.8,149.0,14.1,0.0,0.0,212.8,3.2,130.0,16.1,210.0,38.4,11.0,359.0,2.0,1.0,27.0,222.0,14.0,0.0,54.0,41.1,TEN,11.0,360.0,19,16,16,2
Darwin Thompson,RB,342.2,2.0,0.0,0.0,0.5,0.1,5.0,2.1,0.1,7.5,277.0,26.2,0.0,0.0,337.4,2.6,252.0,33.2,429.0,36.9,15.0,380.0,7.0,1.0,65.0,423.0,27.0,1.0,97.0,40.0,KC,15.0,386.0,16,15,13,4
Davante Adams,WR,11.7,17.4,0.0,0.0,8.2,1.3,98.1,0.0,0.0,0.0,4.0,243.4,0.0,0.0,7.4,25.6,5.0,358.4,6.0,3.0,2.0,19.0,115.0,18.0,1374.0,11.0,0.0,0.0,0.0,2.3,GB,2.0,22.0,29,29,19,1
David Johnson,RB,97.5,12.2,0.0,0.0,2.8,0.2,26.2,12.3,0.5,57.6,50.0,146.5,0.0,0.0,95.1,15.0,57.0,179.5,93.0,18.7,8.0,149.0,33.0,2.0,314.0,92.0,147.0,6.0,691.0,19.2,HOU,8.0,149.0,17,24,4,1
David Montgomery,RB,34.8,14.1,0.0,0.0,3.6,0.1,29.2,16.5,0.5,71.3,9.0,210.8,0.0,0.0,41.0,17.7,22.0,264.8,40.0,9.1,5.0,76.0,54.0,2.0,438.0,33.0,247.0,8.0,1070.0,8.7,CHI,4.0,76.0,8,13,7,1
David Moore,WR,344.1,5.2,0.0,0.0,2.2,0.4,26.1,0.5,0.0,3.8,231.0,83.8,0.0,0.0,342.9,7.4,240.0,118.8,424.0,36.9,15.0,384.0,35.0,6.0,417.0,424.0,8.0,0.0,61.0,45.5,CAR,15.0,395.0,5,7,7,4
David Njoku,TE,314.6,2.6,0.0,0.0,1.5,0.2,16.4,0.0,0.0,0.0,80.0,33.3,0.0,0.0,324.0,4.0,209.0,52.3,357.0,34.6,14.0,394.0,19.0,2.0,213.0,349.0,0.0,0.0,0.0,38.7,CLE,14.0,389.0,22,17,21,2
Davis Mills,QB,350.9,0.0,0.0,0.0,0.0,0.0,0.0,0.0,0.0,0.0,275.0,0.0,0.0,0.0,350.2,0.0,275.0,0.0,408.0,28.8,15.0,391.0,0.0,0.0,0.0,411.0,0.0,0.0,0.0,30.1,HOU,15.0,391.0,5,6,8,3
Dawson Knox,TE,228.7,3.6,0.0,0.0,2.0,0.3,24.0,0.0,0.0,0.0,135.0,42.8,0.0,0.0,239.5,5.6,142.0,66.8,234.0,33.5,12.0,363.0,24.0,3.0,288.0,225.0,0.0,0.0,0.0,33.7,BUF,11.0,357.0,18,18,14,1
Dazz Newsome,WR,333.7,0.0,0.0,0.0,0.0,0.0,0.0,0.0,0.0,0.0,285.0,0.0,0.0,0.0,330.1,0.0,271.0,0.0,425.0,30.3,15.0,374.0,0.0,0.0,0.0,421.0,0.0,0.0,0.0,31.6,CHI,15.0,380.0,12,19,9,7
DeAndre Hopkins,WR,18.7,10.8,0.0,0.0,7.2,0.4,87.9,0.1,0.0,0.1,10.0,172.8,0.0,0.0,12.6,18.0,5.0,287.8,12.0,2.7,2.0,22.0,115.0,6.0,1407.0,17.0,1.0,0.0,1.0,4.3,ARI,3.0,48.0,11,13,15,1
DeSean Jackson,WR,234.4,6.2,0.0,0.0,2.8,0.2,47.2,0.2,0.0,2.4,124.0,30.8,0.0,0.0,250.8,9.0,151.0,44.8,256.0,31.7,12.0,370.0,14.0,1.0,236.0,240.0,1.0,0.0,12.0,32.0,LAR,12.0,369.0,3,5,4,4
DeVante Parker,WR,108.1,7.4,0.0,0.0,4.5,0.3,56.6,0.0,0.0,0.0,48.0,103.3,0.0,0.0,108.5,11.9,55.0,166.3,106.0,17.1,8.0,165.0,63.0,4.0,793.0,109.0,0.0,0.0,0.0,18.9,MIA,8.0,176.0,20,4,29,1
DeVonta Smith,WR,93.9,0.0,0.0,0.0,0.0,0.0,0.0,0.0,0.0,0.0,39.0,0.0,0.0,0.0,96.1,0.0,39.0,0.0,94.0,30.2,8.0,229.0,0.0,0.0,0.0,91.0,0.0,0.0,0.0,29.3,PHI,7.0,240.0,17,3,32,1
Dede Westbrook,WR,322.0,-0.8,0.0,0.0,0.5,0.0,2.0,0.0,0.0,0.0,229.0,-1.6,0.0,0.0,318.6,-0.3,213.0,-0.6,372.0,30.0,14.0,385.0,1.0,0.0,4.0,373.0,0.0,0.0,0.0,33.9,MIN,14.0,390.0,18,6,28,4
DeeJay Dallas,RB,312.6,3.3,0.0,0.0,1.4,0.1,9.3,2.8,0.2,9.0,245.0,39.9,0.0,0.0,303.8,4.7,195.0,56.9,313.0,30.5,13.0,374.0,17.0,1.0,111.0,320.0,34.0,2.0,108.0,25.4,SEA,13.0,386.0,24,30,9,3
Deebo Samuel,WR,80.4,6.8,0.0,0.0,4.7,0.1,55.9,1.1,0.0,3.7,50.0,47.7,0.0,0.0,82.1,11.5,50.0,80.7,76.0,15.1,7.0,160.0,33.0,1.0,391.0,75.0,8.0,0.0,26.0,15.1,SF,7.0,160.0,1,9,2,1
Demarcus Robinson,WR,297.8,4.2,0.0,0.0,3.0,0.2,31.1,0.0,0.0,0.0,101.0,62.6,0.0,0.0,294.3,7.2,39.0,107.6,334.0,67.0,13.0,396.0,45.0,3.0,466.0,340.0,0.0,0.0,0.0,62.8,KC,14.0,374.0,26,23,25,3
Demetric Felton,WR,366.5,0.0,0.0,0.0,0.0,0.0,0.0,0.0,0.0,0.0,358.0,0.0,0.0,0.0,352.0,0.0,344.0,0.0,500.0,8.0,16.0,360.0,0.0,0.0,0.0,500.0,0.0,0.0,0.0,8.5,CLE,16.0,375.0,32,31,24,5
Denver Broncos,DEF,224.9,4.6,0.0,0.0,0.0,0.0,0.0,0.0,0.0,0.0,97.0,73.0,0.0,0.0,225.9,4.6,83.0,73.0,219.0,19.9,11.0,303.0,0.0,0.0,0.0,220.0,0.0,0.0,0.0,20.8,DEN,11.0,303.0,8,13,15,0
Denzel Mims,WR,206.3,4.2,0.0,0.0,2.6,0.0,39.7,0.0,0.0,0.0,129.0,37.7,0.0,0.0,203.8,6.7,122.0,60.7,200.0,35.6,11.0,358.0,23.0,0.0,357.0,203.0,0.0,0.0,0.0,35.7,NYJ,11.0,369.0,7,10,11,4
Deonte Harris,WR,297.2,3.1,0.0,0.0,2.2,0.1,20.7,0.7,0.0,5.7,194.0,27.7,0.0,0.0,283.8,5.3,189.0,47.7,371.0,49.1,14.0,389.0,20.0,1.0,186.0,377.0,6.0,0.0,51.0,43.0,NO,14.0,384.0,6,11,5,3
Derek Carr,QB,169.4,17.6,1.7,256.4,0.0,0.0,0.0,2.4,0.2,8.8,90.0,281.12,27.0,4103.0,170.4,17.6,76.0,281.12,160.0,30.2,10.0,275.0,0.0,0.0,0.0,163.0,39.0,3.0,140.0,29.3,LV,10.0,274.0,28,30,7,1
Derrick Henry,RB,3.2,19.6,0.0,0.0,1.2,0.0,7.1,23.6,1.1,126.7,1.0,314.1,0.0,0.0,6.7,20.8,1.0,333.1,4.0,4.5,2.0,23.0,19.0,0.0,114.0,3.0,378.0,17.0,2027.0,1.0,TEN,1.0,14.0,19,16,16,1
Deshaun Watson,QB,229.6,23.5,2.1,301.4,0.0,0.0,0.0,5.6,0.2,27.8,61.0,376.32,33.0,4823.0,228.9,23.5,61.0,376.32,242.0,87.3,12.0,378.0,0.0,0.0,0.0,246.0,90.0,3.0,444.0,87.9,HOU,12.0,378.0,5,6,8,3
Detroit Lions,DEF,329.4,1.8,0.0,0.0,0.0,0.0,0.0,0.0,0.0,0.0,107.0,29.0,0.0,0.0,332.9,1.8,93.0,29.0,376.0,17.0,14.0,355.0,0.0,0.0,0.0,375.0,0.0,0.0,0.0,27.3,DET,14.0,355.0,10,18,11,0
Devin Duvernay,WR,341.1,2.1,0.0,0.0,1.3,0.0,12.6,0.3,0.0,4.4,198.0,33.1,0.0,0.0,340.3,3.3,189.0,53.1,399.0,41.6,15.0,390.0,20.0,0.0,201.0,401.0,4.0,0.0,70.0,39.6,BAL,15.0,390.0,15,18,16,4
Devin Funchess,WR,341.6,0.0,0.0,0.0,0.0,0.0,0.0,0.0,0.0,0.0,220.0,0.0,0.0,0.0,322.6,0.0,223.0,0.0,441.0,68.0,15.0,381.0,0.0,0.0,0.0,448.0,0.0,0.0,0.0,62.3,GB,15.0,389.0,29,29,19,7
Devin Singletary,RB,123.2,6.6,0.0,0.0,2.4,0.0,16.8,9.8,0.1,42.9,59.0,105.6,0.0,0.0,121.8,9.0,59.0,143.6,117.0,17.9,8.0,181.0,38.0,0.0,269.0,119.0,156.0,2.0,687.0,17.0,BUF,8.0,185.0,23,22,20,2
Devine Ozigbo,RB,342.8,0.5,0.0,0.0,1.1,0.0,5.3,0.1,0.0,0.1,313.0,4.3,0.0,0.0,345.3,1.7,306.0,13.3,403.0,16.7,15.0,382.0,9.0,0.0,42.0,398.0,1.0,0.0,1.0,19.9,JAC,15.0,392.0,9,23,2,5
Devonta Freeman,RB,350.7,5.8,0.0,0.0,1.4,0.0,11.6,10.8,0.2,34.4,64.0,29.0,0.0,0.0,338.0,7.2,264.0,36.0,454.0,42.3,15.0,385.0,7.0,0.0,58.0,447.0,54.0,1.0,172.0,19.9,NO,15.0,392.0,25,21,22,0
Devontae Booker,RB,254.4,4.3,0.0,0.0,1.1,0.0,5.3,5.8,0.2,26.4,123.0,68.7,0.0,0.0,257.9,5.4,144.0,85.7,276.0,57.3,12.0,373.0,17.0,0.0,84.0,276.0,93.0,3.0,423.0,59.7,NYG,12.0,385.0,31,31,15,2
Dez Fitzpatrick,WR,319.0,0.0,0.0,0.0,0.0,0.0,0.0,0.0,0.0,0.0,190.0,0.0,0.0,0.0,312.7,0.0,210.0,0.0,390.0,48.0,14.0,383.0,0.0,0.0,0.0,393.0,0.0,0.0,0.0,48.8,TEN,15.0,395.0,25,27,20,4
Dion Lewis,RB,336.0,2.4,0.0,0.0,1.2,0.1,7.9,1.8,0.1,7.2,316.0,38.2,0.0,0.0,334.0,3.6,313.0,57.2,473.0,24.3,16.0,368.0,19.0,1.0,127.0,444.0,29.0,2.0,115.0,12.4,FA,15.0,349.0,33,33,33,0
Diontae Johnson,WR,59.5,8.9,0.0,0.0,5.9,0.5,61.5,0.2,0.0,1.0,41.0,133.8,0.0,0.0,42.7,14.8,25.0,221.8,42.0,7.3,5.0,79.0,88.0,7.0,923.0,58.0,3.0,0.0,15.0,10.2,PIT,6.0,97.0,22,22,14,1
Donald Parham Jr.,TE,295.3,2.6,0.0,0.0,0.8,0.2,12.2,0.0,0.0,0.0,121.0,33.9,0.0,0.0,297.5,3.4,127.0,43.9,343.0,36.4,14.0,356.0,10.0,3.0,159.0,339.0,0.0,0.0,0.0,38.0,LAC,14.0,373.0,17,22,9,0
Donovan Peoples-Jones,WR,306.2,3.7,0.0,0.0,1.2,0.2,25.3,0.0,0.0,0.0,193.0,44.4,0.0,0.0,300.5,4.9,214.0,58.4,311.0,29.6,13.0,370.0,14.0,2.0,304.0,316.0,0.0,0.0,0.0,28.5,CLE,13.0,379.0,32,31,24,4
Drew Lock,QB,304.7,15.1,1.2,225.6,0.0,0.0,0.0,3.4,0.2,12.3,115.0,196.32,16.0,2933.0,303.8,15.1,101.0,196.32,296.0,45.0,13.0,369.0,0.0,0.0,0.0,299.0,44.0,3.0,160.0,44.1,DEN,13.0,369.0,6,12,4,2
Drew Sample,TE,334.3,2.4,0.0,0.0,2.5,0.1,21.8,0.0,0.0,0.0,222.0,38.9,0.0,0.0,322.1,4.9,222.0,78.9,365.0,39.7,14.0,374.0,40.0,1.0,349.0,371.0,0.0,0.0,0.0,34.9,CIN,14.0,393.0,24,15,27,1
Duke Johnson Jr.,RB,292.8,5.1,0.0,0.0,2.5,0.1,22.6,7.0,0.1,21.4,145.0,56.4,0.0,0.0,294.6,7.7,144.0,84.4,321.0,50.2,13.0,393.0,28.0,1.0,249.0,318.0,77.0,1.0,235.0,51.3,FA,13.0,388.0,33,33,33,0
Dustin Hopkins,K,292.8,8.0,0.0,0.0,0.0,0.0,0.0,0.0,0.0,0.0,131.0,128.0,0.0,0.0,294.7,8.0,117.0,128.0,286.0,21.1,13.0,332.0,0.0,0.0,0.0,287.0,0.0,0.0,0.0,25.0,WAS,13.0,332.0,11,13,19,0
Dwayne Haskins,QB,385.5,10.7,0.7,205.6,0.0,0.0,0.0,2.9,0.1,6.6,384.0,75.16,5.0,1439.0,385.5,10.7,384.0,75.16,510.0,1.5,16.0,387.0,0.0,0.0,0.0,508.0,20.0,1.0,46.0,1.5,PIT,16.0,387.0,9,14,9,2
Dyami Brown,WR,285.1,0.0,0.0,0.0,0.0,0.0,0.0,0.0,0.0,0.0,155.0,0.0,0.0,0.0,288.6,0.0,160.0,0.0,329.0,63.6,13.0,395.0,0.0,0.0,0.0,327.0,0.0,0.0,0.0,63.3,WAS,13.0,395.0,14,25,1,4
Elijah Mitchell,RB,298.4,0.0,0.0,0.0,0.0,0.0,0.0,0.0,0.0,0.0,177.0,0.0,0.0,0.0,294.0,0.0,186.0,0.0,353.0,63.9,14.0,380.0,0.0,0.0,0.0,358.0,0.0,0.0,0.0,61.0,SF,14.0,382.0,7,10,14,5
Elijah Moore,WR,177.7,0.0,0.0,0.0,0.0,0.0,0.0,0.0,0.0,0.0,75.0,0.0,0.0,0.0,171.0,0.0,77.0,0.0,171.0,53.5,10.0,328.0,0.0,0.0,0.0,180.0,0.0,0.0,0.0,50.5,NYJ,10.0,351.0,7,10,11,2
Emmanuel Sanders,WR,191.0,7.4,0.0,0.0,4.4,0.4,51.9,0.1,0.0,0.9,106.0,103.8,0.0,0.0,189.8,11.8,109.0,164.8,184.0,23.0,10.0,247.0,61.0,5.0,726.0,185.0,1.0,0.0,12.0,24.1,BUF,10.0,244.0,16,16,18,4
Eno Benjamin,RB,314.1,0.0,0.0,0.0,0.0,0.0,0.0,0.0,0.0,0.0,238.0,0.0,0.0,0.0,324.5,0.0,245.0,0.0,335.0,26.0,13.0,382.0,0.0,0.0,0.0,326.0,0.0,0.0,0.0,24.5,ARI,13.0,362.0,5,9,12,4
Equanimeous St. Brown,WR,333.8,1.5,0.0,0.0,0.6,0.1,9.8,0.1,0.0,0.6,311.0,18.4,0.0,0.0,337.6,2.1,304.0,25.4,453.0,18.8,15.0,359.0,7.0,1.0,117.0,454.0,1.0,0.0,7.0,13.9,GB,15.0,348.0,29,29,19,6
Eric Ebron,TE,198.7,5.7,0.0,0.0,3.7,0.3,37.2,0.0,0.0,0.0,108.0,85.8,0.0,0.0,189.1,9.5,94.0,141.8,177.0,29.9,10.0,258.0,56.0,5.0,558.0,187.0,0.0,0.0,0.0,31.5,PIT,10.0,268.0,3,5,8,1
Evan Engram,TE,140.3,4.9,0.0,0.0,3.9,0.1,40.9,0.4,0.1,1.6,69.0,78.0,0.0,0.0,128.6,8.8,53.0,141.0,125.0,25.1,9.0,232.0,63.0,1.0,654.0,131.0,6.0,1.0,26.0,19.4,NYG,9.0,246.0,13,13,17,1
Evan McPherson,K,307.4,0.0,0.0,0.0,0.0,0.0,0.0,0.0,0.0,0.0,204.0,0.0,0.0,0.0,313.4,0.0,220.0,0.0,394.0,28.9,15.0,344.0,0.0,0.0,0.0,386.0,0.0,0.0,0.0,33.3,CIN,14.0,344.0,8,19,5,0
Ezekiel Elliott,RB,6.5,11.4,0.0,0.0,3.5,0.1,22.5,16.3,0.4,65.3,2.0,171.7,0.0,0.0,6.9,14.9,2.0,223.7,5.0,3.6,2.0,22.0,52.0,2.0,338.0,5.0,244.0,6.0,979.0,2.3,DAL,2.0,16.0,26,19,25,1
Foster Moreau,TE,353.1,1.6,0.0,0.0,0.4,0.1,8.8,0.0,0.0,0.0,282.0,26.0,0.0,0.0,363.6,2.1,305.0,33.0,420.0,18.4,15.0,394.0,7.0,2.0,140.0,409.0,0.0,0.0,0.0,23.6,LV,15.0,394.0,6,16,4,2
Frank Darby,WR,350.3,0.0,0.0,0.0,0.0,0.0,0.0,0.0,0.0,0.0,289.0,0.0,0.0,0.0,346.3,0.0,264.0,0.0,471.0,47.7,16.0,377.0,0.0,0.0,0.0,488.0,0.0,0.0,0.0,43.4,ATL,16.0,383.0,8,12,10,7
Frank Gore,RB,347.7,5.6,0.0,0.0,1.1,0.0,5.9,12.5,0.1,43.5,273.0,84.2,0.0,0.0,350.1,6.7,327.0,100.2,415.0,18.2,15.0,384.0,16.0,0.0,89.0,413.0,187.0,2.0,653.0,24.7,FA,15.0,386.0,33,33,33,0
Freddie Swain,WR,330.7,1.7,0.0,0.0,0.8,0.1,9.9,0.0,0.0,0.0,304.0,27.9,0.0,0.0,340.0,2.6,305.0,40.9,479.0,32.9,16.0,384.0,13.0,2.0,159.0,470.0,0.0,0.0,0.0,33.6,SEA,16.0,378.0,30,28,26,4
Gabriel Davis,WR,171.9,6.4,0.0,0.0,2.2,0.4,37.4,0.1,0.0,0.0,60.0,101.9,0.0,0.0,188.3,8.6,77.0,136.9,176.0,33.0,10.0,297.0,35.0,7.0,599.0,162.0,1.0,0.0,0.0,36.1,BUF,10.0,290.0,16,16,18,3
Gardner Minshew II,QB,357.1,18.3,1.8,251.0,0.0,0.0,0.0,3.2,0.1,17.0,167.0,164.66,16.0,2259.0,355.9,18.4,167.0,165.66,410.0,25.7,15.0,397.0,0.0,0.0,0.0,410.0,29.0,1.0,153.0,25.4,JAC,15.0,397.0,2,10,2,0
Gary Brightwell,RB,355.2,0.0,0.0,0.0,0.0,0.0,0.0,0.0,0.0,0.0,310.0,0.0,0.0,0.0,367.6,0.0,313.0,0.0,485.0,29.0,16.0,393.0,0.0,0.0,0.0,466.0,0.0,0.0,0.0,14.1,NYG,16.0,374.0,31,31,15,6
Geoff Swaim,TE,371.6,1.4,0.0,0.0,0.9,0.1,8.3,0.0,0.0,0.0,337.0,14.3,0.0,0.0,365.6,2.3,311.0,23.3,431.0,16.6,15.0,389.0,9.0,1.0,83.0,434.0,0.0,0.0,0.0,15.7,TEN,15.0,391.0,26,14,28,2
George Kittle,TE,21.4,9.6,0.0,0.0,6.0,0.3,79.3,0.3,0.0,2.1,17.0,77.1,0.0,0.0,25.9,15.6,16.0,125.1,26.0,5.8,4.0,46.0,48.0,2.0,634.0,20.0,2.0,0.0,17.0,8.0,SF,3.0,47.0,25,30,5,1
Gerald Everett,TE,172.4,3.2,0.0,0.0,2.6,0.1,26.1,0.1,0.1,0.1,92.0,51.9,0.0,0.0,171.3,5.8,78.0,92.9,163.0,36.0,10.0,273.0,41.0,1.0,417.0,164.0,1.0,1.0,2.0,37.0,SEA,10.0,267.0,32,32,10,1
Gerrid Doaks,RB,311.4,0.0,0.0,0.0,0.0,0.0,0.0,0.0,0.0,0.0,198.0,0.0,0.0,0.0,309.4,0.0,193.0,0.0,409.0,62.2,15.0,385.0,0.0,0.0,0.0,416.0,0.0,0.0,0.0,43.3,MIA,15.0,383.0,11,2,32,5
Giovani Bernard,RB,198.5,6.9,0.0,0.0,2.9,0.2,22.2,7.8,0.2,26.0,132.0,111.1,0.0,0.0,167.1,9.9,100.0,158.1,161.0,25.2,10.0,257.0,47.0,3.0,355.0,189.0,124.0,3.0,416.0,39.0,TB,11.0,310.0,32,32,24,3
Golden Tate,WR,283.5,4.3,0.0,0.0,2.9,0.2,32.3,0.0,0.0,0.0,212.0,51.52,0.0,0.0,289.7,7.2,171.0,86.52,361.0,55.5,14.0,395.0,35.0,2.0,388.0,370.0,0.0,0.0,0.0,48.6,FA,14.0,378.0,33,33,33,0
Graham Gano,K,304.4,8.3,0.0,0.0,0.0,0.0,0.0,0.0,0.0,0.0,218.0,133.0,0.0,0.0,304.9,8.3,220.0,133.0,308.0,22.3,13.0,339.0,0.0,0.0,0.0,309.0,0.0,0.0,0.0,22.6,NYG,13.0,339.0,18,22,11,0
Green Bay Packers,DEF,241.3,5.9,0.0,0.0,0.0,0.0,0.0,0.0,0.0,0.0,210.0,94.0,0.0,0.0,241.8,5.9,145.0,94.0,237.0,18.4,12.0,304.0,0.0,0.0,0.0,243.0,0.0,0.0,0.0,18.2,GB,12.0,303.0,24,21,21,0
Greg Joseph,K,322.1,0.0,0.0,0.0,0.0,0.0,0.0,0.0,0.0,0.0,252.0,0.0,0.0,0.0,320.1,0.0,252.0,0.0,406.0,24.1,15.0,353.0,0.0,0.0,0.0,404.0,0.0,0.0,0.0,22.5,MIN,15.0,353.0,24,25,24,0
Greg Ward,WR,330.9,5.0,0.0,0.0,3.3,0.4,26.2,0.1,0.0,-0.3,222.0,80.1,0.0,0.0,316.3,8.3,208.0,133.1,328.0,29.0,13.0,385.0,53.0,6.0,419.0,342.0,2.0,0.0,-4.0,28.4,PHI,14.0,384.0,17,3,32,3
Greg Zuerlein,K,197.3,9.6,0.0,0.0,0.0,0.0,0.0,0.0,0.0,0.0,106.0,153.0,0.0,0.0,198.1,9.6,92.0,153.0,194.0,14.0,11.0,251.0,0.0,0.0,0.0,195.0,0.0,0.0,0.0,14.1,DAL,11.0,251.0,2,6,17,0
Gus Edwards,RB,111.7,7.5,0.0,0.0,0.6,0.0,8.1,9.0,0.4,45.2,71.0,119.2,0.0,0.0,137.2,8.0,85.0,128.2,131.0,28.0,9.0,329.0,9.0,0.0,129.0,113.0,144.0,6.0,723.0,29.2,BAL,8.0,310.0,14,12,17,2
Harrison Bryant,TE,315.8,2.5,0.0,0.0,1.6,0.2,15.9,0.0,0.0,0.0,204.0,37.8,0.0,0.0,315.7,4.1,204.0,61.8,354.0,31.9,14.0,373.0,24.0,3.0,238.0,355.0,0.0,0.0,0.0,32.5,CLE,14.0,374.0,22,17,21,3
Harrison Butker,K,181.3,8.4,0.0,0.0,0.0,0.0,0.0,0.0,0.0,0.0,101.0,134.0,0.0,0.0,181.8,8.4,87.0,134.0,180.0,10.7,10.0,228.0,0.0,0.0,0.0,178.0,0.0,0.0,0.0,10.3,KC,10.0,221.0,6,10,9,0
Hayden Hurst,TE,212.5,5.8,0.0,0.0,3.5,0.4,35.7,0.0,0.0,0.0,127.0,93.1,0.0,0.0,209.8,9.3,127.0,149.1,207.0,40.1,11.0,291.0,56.0,6.0,571.0,211.0,0.0,0.0,0.0,42.8,ATL,11.0,291.0,19,10,23,2
Henry Ruggs III,WR,142.3,4.5,0.0,0.0,2.0,0.2,34.8,0.7,0.0,3.8,62.0,58.1,0.0,0.0,157.2,6.5,74.0,84.1,145.0,24.4,9.0,222.0,26.0,2.0,452.0,135.0,9.0,0.0,49.0,25.6,LV,9.0,216.0,31,32,17,0
Houston Texans,DEF,314.9,2.6,0.0,0.0,0.0,0.0,0.0,0.0,0.0,0.0,140.0,41.0,0.0,0.0,316.6,2.6,176.0,41.0,352.0,16.5,14.0,355.0,0.0,0.0,0.0,348.0,0.0,0.0,0.0,22.5,HOU,14.0,355.0,25,31,5,0
Hunter Bryant,TE,330.0,0.9,0.0,0.0,0.2,0.0,8.8,0.0,0.0,0.0,318.0,4.4,0.0,0.0,353.3,1.1,329.0,5.4,489.0,23.4,16.0,385.0,1.0,0.0,44.0,489.0,0.0,0.0,0.0,12.0,DET,16.0,342.0,21,24,13,2
Hunter Henry,TE,141.4,6.1,0.0,0.0,4.3,0.3,43.8,0.0,0.0,0.0,59.0,85.3,0.0,0.0,140.6,10.4,69.0,145.3,135.0,26.6,9.0,255.0,60.0,4.0,613.0,133.0,0.0,0.0,0.0,26.2,NE,9.0,255.0,1,1,30,1
Hunter Long,TE,355.3,0.0,0.0,0.0,0.0,0.0,0.0,0.0,0.0,0.0,305.0,0.0,0.0,0.0,347.1,0.0,285.0,0.0,416.0,22.6,15.0,373.0,0.0,0.0,0.0,418.0,0.0,0.0,0.0,19.3,MIA,15.0,386.0,2,2,29,3
Hunter Renfrow,WR,258.2,4.7,0.0,0.0,3.5,0.1,41.0,0.0,0.0,0.0,143.0,75.6,0.0,0.0,247.5,8.2,148.0,131.6,247.0,26.1,12.0,329.0,56.0,2.0,656.0,259.0,0.0,0.0,0.0,27.5,LV,12.0,337.0,31,32,17,4
Ian Thomas,TE,298.2,1.3,0.0,0.0,1.3,0.1,9.1,0.0,0.0,0.0,255.0,20.5,0.0,0.0,289.7,2.5,232.0,40.5,303.0,33.3,13.0,381.0,20.0,1.0,145.0,308.0,0.0,0.0,0.0,32.1,CAR,13.0,394.0,5,19,1,3
Ihmir Smith-Marsette,WR,346.2,0.0,0.0,0.0,0.0,0.0,0.0,0.0,0.0,0.0,205.0,0.0,0.0,0.0,341.1,0.0,189.0,0.0,439.0,38.1,15.0,384.0,0.0,0.0,0.0,443.0,0.0,0.0,0.0,39.9,MIN,15.0,395.0,18,6,28,5
Indianapolis Colts,DEF,171.0,9.1,0.0,0.0,0.0,0.0,0.0,0.0,0.0,0.0,152.0,146.0,0.0,0.0,171.4,9.1,152.0,146.0,172.0,19.4,10.0,258.0,0.0,0.0,0.0,172.0,0.0,0.0,0.0,18.9,IND,10.0,258.0,15,4,31,0
Irv Smith Jr.,TE,120.5,5.3,0.0,0.0,2.3,0.4,28.1,0.0,0.0,0.0,69.0,68.5,0.0,0.0,126.5,7.6,69.0,98.5,122.0,23.9,9.0,260.0,30.0,5.0,365.0,117.0,0.0,0.0,0.0,25.5,MIN,8.0,260.0,28,29,18,1
Isaiah McKenzie,WR,350.0,4.3,0.0,0.0,1.9,0.3,17.6,0.6,0.0,0.6,203.0,69.58,0.0,0.0,312.2,6.2,205.0,99.58,433.0,57.6,15.0,364.0,30.0,5.0,282.0,458.0,10.0,0.0,9.0,26.7,BUF,15.0,396.0,16,16,18,5
Ito Smith,RB,313.2,2.9,0.0,0.0,1.2,0.0,5.4,4.5,0.1,19.1,227.0,40.3,0.0,0.0,295.9,4.1,188.0,57.3,324.0,41.8,13.0,383.0,17.0,0.0,75.0,336.0,63.0,1.0,268.0,28.2,FA,14.0,382.0,33,33,33,0
J.D. McKissic,RB,159.6,7.0,0.0,0.0,5.0,0.1,36.8,5.3,0.1,22.8,100.0,111.4,0.0,0.0,129.6,12.0,80.0,191.4,126.0,23.6,9.0,206.0,80.0,2.0,589.0,147.0,85.0,1.0,365.0,22.3,WAS,9.0,237.0,18,18,11,2
J.J. Arcega-Whiteside,WR,177.5,1.3,0.0,0.0,0.5,0.0,10.6,0.0,0.0,0.0,50.0,10.5,0.0,0.0,335.5,1.8,317.0,14.5,493.0,18.5,16.0,354.0,4.0,0.0,85.0,433.0,0.0,0.0,0.0,127.5,PHI,15.0,305.0,17,3,32,0
J.K. Dobbins,RB,28.5,10.0,0.0,0.0,1.2,0.0,8.0,8.9,0.6,53.7,8.0,150.5,0.0,0.0,40.4,11.2,22.0,168.5,39.0,8.8,5.0,66.0,18.0,0.0,120.0,26.0,134.0,9.0,805.0,8.4,BAL,4.0,66.0,14,12,17,1
Ja'Marr Chase,WR,60.9,0.0,0.0,0.0,0.0,0.0,0.0,0.0,0.0,0.0,25.0,0.0,0.0,0.0,65.3,0.0,30.0,0.0,67.0,28.8,7.0,223.0,0.0,0.0,0.0,64.0,0.0,0.0,0.0,27.4,CIN,6.0,220.0,24,20,22,1
JaMycal Hasty,RB,347.0,3.0,0.0,0.0,0.9,0.0,4.1,4.9,0.1,18.5,296.0,24.1,0.0,0.0,294.5,3.9,172.0,31.1,435.0,93.8,15.0,393.0,7.0,0.0,33.0,485.0,39.0,1.0,148.0,37.7,SF,16.0,386.0,7,10,14,6
Jace Sternberger,TE,362.8,1.4,0.0,0.0,1.0,0.1,9.5,0.0,0.0,0.0,341.0,17.4,0.0,0.0,365.8,2.4,326.0,29.4,459.0,16.7,15.0,389.0,12.0,1.0,114.0,442.0,0.0,0.0,0.0,15.2,GB,15.0,391.0,27,28,6,2
Jack Doyle,TE,261.2,2.9,0.0,0.0,1.6,0.2,17.9,0.0,0.0,0.0,114.0,41.1,0.0,0.0,263.6,4.6,120.0,64.1,268.0,29.6,12.0,360.0,23.0,3.0,251.0,267.0,0.0,0.0,0.0,32.6,IND,12.0,360.0,20,4,32,1
Jacksonville Jaguars,DEF,313.7,3.4,0.0,0.0,0.0,0.0,0.0,0.0,0.0,0.0,166.0,58.0,0.0,0.0,314.7,3.4,207.0,58.0,306.0,12.0,13.0,330.0,0.0,0.0,0.0,306.0,0.0,0.0,0.0,16.9,JAC,13.0,355.0,21,23,14,0
Jacob Eason,QB,294.0,0.0,0.0,0.0,0.0,0.0,0.0,0.0,0.0,0.0,284.0,0.0,0.0,0.0,285.3,0.0,268.0,0.0,445.0,14.7,15.0,304.0,0.0,0.0,0.0,468.0,0.0,0.0,0.0,10.0,IND,16.0,304.0,15,4,31,2
Jacob Harris,TE,326.0,0.0,0.0,0.0,0.0,0.0,0.0,0.0,0.0,0.0,216.0,0.0,0.0,0.0,318.8,0.0,216.0,0.0,419.0,49.9,15.0,389.0,0.0,0.0,0.0,417.0,0.0,0.0,0.0,46.8,LAR,15.0,387.0,30,27,25,4
Jacob Hollister,TE,330.6,2.6,0.0,0.0,1.6,0.2,13.1,0.0,0.0,0.0,178.0,40.9,0.0,0.0,325.3,4.1,180.0,65.9,388.0,37.3,14.0,376.0,25.0,3.0,209.0,389.0,0.0,0.0,0.0,32.2,BUF,14.0,376.0,18,18,14,2
Jaelon Darden,WR,357.0,0.0,0.0,0.0,0.0,0.0,0.0,0.0,0.0,0.0,352.0,0.0,0.0,0.0,362.0,0.0,343.0,0.0,498.0,15.9,16.0,382.0,0.0,0.0,0.0,498.0,0.0,0.0,0.0,5.0,TB,16.0,362.0,19,15,21,6
Jake Elliott,K,267.0,4.7,0.0,0.0,0.0,0.0,0.0,0.0,0.0,0.0,108.0,75.0,0.0,0.0,268.1,4.7,94.0,75.0,266.0,27.6,12.0,353.0,0.0,0.0,0.0,264.0,0.0,0.0,0.0,29.2,PHI,12.0,353.0,3,1,29,0
Jake Funk,RB,289.1,0.0,0.0,0.0,0.0,0.0,0.0,0.0,0.0,0.0,190.0,0.0,0.0,0.0,291.8,0.0,194.0,0.0,373.0,49.4,14.0,377.0,0.0,0.0,0.0,376.0,0.0,0.0,0.0,48.8,LAR,14.0,389.0,1,5,10,4
Jakeem Grant Sr.,WR,281.5,3.7,0.0,0.0,2.6,0.1,26.6,0.2,0.0,1.4,212.0,51.3,0.0,0.0,284.5,6.2,212.0,87.3,465.0,72.5,16.0,357.0,36.0,1.0,373.0,459.0,3.0,0.0,20.0,69.5,MIA,15.0,351.0,20,4,29,0
Jakobi Meyers,WR,200.9,6.0,0.0,0.0,4.2,0.0,52.1,0.1,0.0,0.6,101.0,83.52,0.0,0.0,193.0,10.2,86.0,142.52,186.0,34.6,10.0,271.0,59.0,0.0,729.0,194.0,2.0,0.0,9.0,34.1,NE,11.0,285.0,2,1,30,3
Jalen Guyton,WR,313.9,4.3,0.0,0.0,1.8,0.2,31.9,0.1,0.0,0.0,171.0,69.1,0.0,0.0,325.6,6.1,191.0,97.1,368.0,48.4,14.0,387.0,28.0,3.0,511.0,365.0,2.0,0.0,0.0,51.4,LAC,14.0,389.0,28,24,23,5
Jalen Hurd,WR,326.3,0.0,0.0,0.0,0.0,0.0,0.0,0.0,0.0,0.0,205.0,0.0,0.0,0.0,324.6,0.0,215.0,0.0,405.0,49.1,15.0,384.0,0.0,0.0,0.0,402.0,0.0,0.0,0.0,49.1,SF,15.0,380.0,1,9,2,6
Jalen Hurts,QB,92.2,7.5,0.4,70.7,0.0,0.0,0.0,4.2,0.2,23.6,67.0,112.44,6.0,1061.0,91.9,7.6,56.0,113.44,88.0,14.4,7.0,254.0,0.0,0.0,0.0,89.0,63.0,3.0,354.0,15.5,PHI,7.0,254.0,4,2,32,1
Jalen Reagor,WR,155.5,5.1,0.0,0.0,2.8,0.1,36.0,0.4,0.0,2.4,97.0,56.2,0.0,0.0,156.5,7.9,97.0,87.2,148.0,25.9,9.0,231.0,31.0,1.0,396.0,143.0,4.0,0.0,26.0,26.2,PHI,9.0,231.0,17,3,32,2
Jalen Richard,RB,325.5,2.5,0.0,0.0,1.5,0.0,10.6,1.7,0.1,9.5,187.0,32.1,0.0,0.0,287.2,3.9,155.0,51.1,305.0,38.3,13.0,370.0,19.0,0.0,138.0,334.0,22.0,1.0,123.0,25.1,LV,13.0,392.0,28,27,19,3
Jamaal Williams,RB,128.2,6.9,0.0,0.0,2.2,0.1,16.9,8.5,0.1,36.1,66.0,96.1,0.0,0.0,120.8,9.1,60.0,127.1,116.0,17.4,8.0,195.0,31.0,1.0,236.0,124.0,119.0,2.0,505.0,16.0,DET,9.0,194.0,29,29,21,2
Jameis Winston,QB,213.1,0.6,0.0,18.8,0.0,0.0,0.0,2.0,0.0,-1.5,98.0,2.4,0.0,75.0,213.3,0.6,84.0,2.4,206.0,62.4,11.0,385.0,0.0,0.0,0.0,206.0,8.0,0.0,-6.0,61.8,NO,11.0,385.0,10,13,10,1
James Conner,RB,99.8,10.0,0.0,0.0,2.7,0.0,16.5,13.0,0.5,55.5,51.0,129.6,0.0,0.0,106.7,12.7,57.0,164.6,104.0,22.6,8.0,225.0,35.0,0.0,215.0,99.0,169.0,6.0,721.0,20.7,ARI,8.0,225.0,5,9,12,2
James O'Shaughnessy,TE,347.3,1.7,0.0,0.0,1.9,0.0,17.5,0.0,0.0,0.0,299.0,26.2,0.0,0.0,341.1,3.6,278.0,54.2,418.0,32.8,15.0,375.0,28.0,0.0,262.0,430.0,0.0,0.0,0.0,30.2,JAC,15.0,387.0,15,25,2,1
James Robinson,RB,85.0,14.4,0.0,0.0,3.5,0.2,24.6,17.1,0.5,76.4,27.0,201.4,0.0,0.0,86.5,17.9,31.0,250.4,83.0,19.9,7.0,188.0,49.0,3.0,344.0,81.0,240.0,7.0,1070.0,18.0,JAC,7.0,190.0,9,23,2,2
James Washington,WR,252.6,4.3,0.0,0.0,1.9,0.3,24.5,0.0,0.0,0.0,196.0,69.2,0.0,0.0,256.4,6.2,162.0,99.2,265.0,33.3,12.0,357.0,30.0,5.0,392.0,262.0,0.0,0.0,0.0,34.7,PIT,12.0,370.0,22,22,14,4
James White,RB,168.3,4.8,0.0,0.0,3.5,0.1,26.8,2.5,0.1,8.6,100.0,67.6,0.0,0.0,139.7,8.3,66.0,116.6,133.0,28.3,9.0,277.0,49.0,1.0,375.0,159.0,35.0,2.0,121.0,28.0,NE,10.0,277.0,22,4,31,3
Jamison Crowder,WR,174.8,9.4,0.0,0.0,4.9,0.5,58.3,0.1,0.0,1.2,90.0,113.02,0.0,0.0,164.4,14.3,90.0,172.02,155.0,37.4,10.0,295.0,59.0,6.0,699.0,165.0,1.0,0.0,14.0,35.6,NYJ,10.0,297.0,7,10,11,3
Jared Cook,TE,160.6,6.0,0.0,0.0,2.5,0.5,33.6,0.0,0.0,0.0,72.0,90.4,0.0,0.0,183.7,8.5,99.0,127.4,174.0,35.2,10.0,273.0,37.0,7.0,504.0,152.0,0.0,0.0,0.0,33.5,LAC,10.0,273.0,17,22,9,1
Jared Goff,QB,215.8,16.9,1.3,263.5,0.0,0.0,0.0,3.4,0.3,6.6,96.0,252.98,20.0,3952.0,216.0,16.9,82.0,252.98,202.0,43.3,11.0,331.0,0.0,0.0,0.0,204.0,51.0,4.0,99.0,42.8,DET,11.0,338.0,30,32,3,1
Jaret Patterson,RB,350.5,0.0,0.0,0.0,0.0,0.0,0.0,0.0,0.0,0.0,274.0,0.0,0.0,0.0,323.4,0.0,193.0,0.0,422.0,59.0,15.0,392.0,0.0,0.0,0.0,439.0,0.0,0.0,0.0,20.4,WAS,15.0,392.0,18,18,11,0
Jarvis Landry,WR,98.5,7.7,0.0,0.0,4.8,0.2,56.0,0.3,0.1,0.7,58.0,115.96,0.0,0.0,91.1,12.5,49.0,187.96,87.0,11.8,7.0,124.0,72.0,3.0,840.0,95.0,4.0,1.0,10.0,13.0,CLE,8.0,137.0,32,31,24,2
Jason Myers,K,237.0,8.6,0.0,0.0,0.0,0.0,0.0,0.0,0.0,0.0,113.0,138.0,0.0,0.0,237.4,8.6,99.0,138.0,232.0,13.1,11.0,302.0,0.0,0.0,0.0,233.0,0.0,0.0,0.0,12.8,SEA,11.0,302.0,15,16,16,0
Jason Sanders,K,211.6,10.8,0.0,0.0,0.0,0.0,0.0,0.0,0.0,0.0,111.0,172.0,0.0,0.0,212.0,10.8,97.0,172.0,208.0,10.5,11.0,233.0,0.0,0.0,0.0,207.0,0.0,0.0,0.0,10.5,MIA,11.0,233.0,23,5,30,0
Javian Hawkins,RB,235.9,0.0,0.0,0.0,0.0,0.0,0.0,0.0,0.0,0.0,104.0,0.0,0.0,0.0,259.2,0.0,119.0,0.0,275.0,50.9,12.0,347.0,0.0,0.0,0.0,260.0,0.0,0.0,0.0,52.6,ATL,12.0,387.0,21,28,6,2
Javonte Williams,RB,85.5,0.0,0.0,0.0,0.0,0.0,0.0,0.0,0.0,0.0,12.0,0.0,0.0,0.0,84.2,0.0,27.0,0.0,78.0,43.7,7.0,330.0,0.0,0.0,0.0,82.0,0.0,0.0,0.0,55.3,DEN,7.0,364.0,3,14,1,1
Jaylen Samuels,RB,352.8,0.5,0.0,0.0,0.6,0.0,3.3,0.6,0.0,2.0,277.0,7.4,0.0,0.0,311.3,1.2,256.0,16.4,444.0,34.5,15.0,351.0,9.0,0.0,46.0,463.0,9.0,0.0,28.0,10.2,PIT,16.0,363.0,4,11,5,5
Jaylen Waddle,WR,127.5,0.0,0.0,0.0,0.0,0.0,0.0,0.0,0.0,0.0,67.0,0.0,0.0,0.0,128.5,0.0,72.0,0.0,129.0,33.4,9.0,264.0,0.0,0.0,0.0,126.0,0.0,0.0,0.0,32.4,MIA,9.0,263.0,20,4,29,3
Jeff Wilson Jr.,RB,210.4,10.8,0.0,0.0,1.1,0.3,11.1,10.5,0.6,50.0,112.0,129.3,0.0,0.0,237.2,11.9,130.0,142.3,260.0,58.4,12.0,373.0,13.0,3.0,133.0,232.0,126.0,7.0,600.0,59.4,SF,11.0,382.0,7,10,14,0
Jeremy McNichols,RB,309.3,2.0,0.0,0.0,0.8,0.0,3.4,2.9,0.1,12.8,265.0,31.9,0.0,0.0,315.0,2.7,265.0,43.9,461.0,36.5,15.0,351.0,12.0,0.0,55.0,452.0,47.0,1.0,204.0,31.6,TEN,15.0,336.0,19,16,16,4
Jerick McKinnon,RB,268.5,5.8,0.0,0.0,2.1,0.1,15.8,5.1,0.3,19.9,177.0,93.2,0.0,0.0,239.8,7.9,156.0,126.2,243.0,40.5,12.0,354.0,33.0,1.0,253.0,270.0,81.0,5.0,319.0,36.7,KC,12.0,383.0,16,15,13,2
Jermar Jefferson,RB,333.4,0.0,0.0,0.0,0.0,0.0,0.0,0.0,0.0,0.0,193.0,0.0,0.0,0.0,319.4,0.0,190.0,0.0,351.0,41.7,14.0,386.0,0.0,0.0,0.0,361.0,0.0,0.0,0.0,35.4,DET,14.0,388.0,29,29,21,3
Jerry Jeudy,WR,79.2,6.6,0.0,0.0,3.3,0.2,53.5,0.0,0.0,0.0,49.0,105.6,0.0,0.0,81.3,9.8,49.0,157.6,75.0,13.9,7.0,128.0,52.0,3.0,856.0,72.0,0.0,0.0,0.0,13.4,DEN,7.0,122.0,21,26,8,1
Jimmy Garoppolo,QB,289.6,11.6,1.2,182.7,0.0,0.0,0.0,1.7,0.0,4.2,105.0,69.34,7.0,1096.0,289.8,11.6,91.0,69.34,282.0,54.8,12.0,397.0,0.0,0.0,0.0,282.0,10.0,0.0,25.0,54.9,SF,12.0,396.0,3,20,1,1
Jimmy Graham,TE,268.3,5.8,0.0,0.0,3.1,0.5,28.5,0.0,0.0,0.0,144.0,93.6,0.0,0.0,275.5,9.0,163.0,143.6,283.0,27.7,12.0,385.0,50.0,8.0,456.0,277.0,0.0,0.0,0.0,29.2,CHI,12.0,372.0,31,31,26,2
Joe Burrow,QB,103.2,17.9,1.3,268.8,0.0,0.0,0.0,3.7,0.3,14.2,70.0,178.72,13.0,2688.0,103.1,17.9,63.0,178.72,99.0,9.7,8.0,154.0,0.0,0.0,0.0,101.0,37.0,3.0,142.0,9.1,CIN,8.0,154.0,22,18,24,1
Joe Mixon,RB,17.9,13.1,0.0,0.0,3.5,0.2,23.0,19.8,0.5,71.3,6.0,78.6,0.0,0.0,22.0,16.6,6.0,99.6,22.0,7.8,3.0,52.0,21.0,1.0,138.0,16.0,119.0,3.0,428.0,8.4,CIN,3.0,47.0,10,7,23,1
Joey Slye,K,275.4,8.1,0.0,0.0,0.0,0.0,0.0,0.0,0.0,0.0,122.0,129.0,0.0,0.0,275.9,8.1,108.0,129.0,271.0,20.0,12.0,324.0,0.0,0.0,0.0,271.0,0.0,0.0,0.0,21.6,CAR,12.0,324.0,21,23,26,0
John Brown,WR,162.4,7.1,0.0,0.0,3.7,0.3,50.9,0.0,0.0,0.0,111.0,63.8,0.0,0.0,164.3,10.8,109.0,96.8,157.0,29.7,10.0,265.0,33.0,3.0,458.0,151.0,0.0,0.0,0.0,29.0,LV,10.0,262.0,31,32,17,2
John Ross,WR,319.4,0.6,0.0,0.0,0.7,0.0,5.7,0.0,0.0,0.0,265.0,1.7,0.0,0.0,325.0,1.2,269.0,3.7,350.0,26.9,14.0,383.0,2.0,0.0,17.0,341.0,0.0,0.0,0.0,27.4,NYG,14.0,396.0,13,17,12,6
Jonathan Taylor,RB,7.1,14.5,0.0,0.0,2.4,0.1,19.9,15.5,0.7,77.9,3.0,216.8,0.0,0.0,13.6,16.9,3.0,252.8,13.0,6.1,3.0,34.0,36.0,1.0,299.0,7.0,232.0,11.0,1169.0,2.6,IND,2.0,27.0,6,1,29,1
Jonnu Smith,TE,132.3,6.6,0.0,0.0,2.7,0.5,29.9,0.1,0.1,0.3,63.0,99.2,0.0,0.0,128.5,9.3,53.0,140.2,128.0,19.5,9.0,213.0,41.0,8.0,448.0,128.0,2.0,1.0,4.0,19.6,NE,9.0,213.0,1,1,30,2
Jordan Akins,TE,288.4,3.6,0.0,0.0,2.8,0.1,31.0,0.1,0.0,0.3,163.0,46.7,0.0,0.0,286.0,6.4,163.0,83.7,339.0,45.6,14.0,363.0,37.0,1.0,403.0,335.0,1.0,0.0,4.0,44.4,HOU,14.0,363.0,10,12,16,1
Jordan Howard,RB,313.9,4.2,0.0,0.0,0.1,0.0,-0.4,5.0,0.6,8.6,134.0,29.7,0.0,0.0,307.6,4.4,187.0,30.7,330.0,33.0,13.0,386.0,1.0,0.0,-3.0,332.0,35.0,4.0,60.0,40.9,PHI,13.0,388.0,15,3,30,5
Jordan Love,QB,344.7,0.0,0.0,0.0,0.0,0.0,0.0,0.0,0.0,0.0,267.0,0.0,0.0,0.0,344.2,0.0,238.0,0.0,407.0,30.1,15.0,387.0,0.0,0.0,0.0,407.0,0.0,0.0,0.0,24.1,GB,15.0,386.0,31,29,20,2
Jordan Wilkins,RB,330.7,3.3,0.0,0.0,0.8,0.0,7.0,5.6,0.1,20.5,267.0,49.3,0.0,0.0,330.3,4.1,264.0,61.3,346.0,21.6,14.0,382.0,12.0,0.0,105.0,347.0,84.0,1.0,308.0,22.4,IND,14.0,382.0,6,1,29,4
Josh Allen,QB,42.7,25.3,2.3,284.0,0.0,0.0,0.0,6.4,0.5,26.3,18.0,405.06,37.0,4544.0,43.4,25.4,19.0,406.06,44.0,9.0,5.0,61.0,0.0,0.0,0.0,43.0,102.0,8.0,421.0,9.1,BUF,5.0,61.0,25,26,18,1
Josh Jacobs,RB,40.2,13.2,0.0,0.0,2.2,0.0,15.9,18.2,0.8,71.0,12.0,198.3,0.0,0.0,51.2,15.4,23.0,231.3,47.0,8.2,6.0,85.0,33.0,0.0,238.0,39.0,273.0,12.0,1065.0,10.8,LV,5.0,83.0,28,27,19,1
Josh Lambo,K,292.6,7.0,0.0,0.0,0.0,0.0,0.0,0.0,0.0,0.0,127.0,28.0,0.0,0.0,293.9,7.0,113.0,28.0,293.0,18.8,13.0,332.0,0.0,0.0,0.0,289.0,0.0,0.0,0.0,23.2,JAC,13.0,332.0,14,15,7,0
Josh Oliver,TE,373.0,0.0,0.0,0.0,0.0,0.0,0.0,0.0,0.0,0.0,348.0,0.0,0.0,0.0,379.7,0.0,352.0,0.0,491.0,11.2,16.0,391.0,0.0,0.0,0.0,473.0,0.0,0.0,0.0,6.0,BAL,16.0,381.0,7,11,11,2
Josh Palmer,WR,320.4,0.0,0.0,0.0,0.0,0.0,0.0,0.0,0.0,0.0,171.0,0.0,0.0,0.0,317.2,0.0,171.0,0.0,358.0,57.5,14.0,391.0,0.0,0.0,0.0,368.0,0.0,0.0,0.0,51.9,LAC,14.0,391.0,28,24,23,4
Josh Reynolds,WR,235.5,4.5,0.0,0.0,3.3,0.1,38.6,0.1,0.0,0.3,148.0,72.3,0.0,0.0,235.4,7.8,157.0,124.3,236.0,31.0,12.0,301.0,52.0,2.0,618.0,239.0,1.0,0.0,5.0,32.1,TEN,12.0,306.0,25,27,20,3
Joshua Kelley,RB,200.3,4.2,0.0,0.0,1.6,0.0,10.6,7.9,0.1,25.3,120.0,58.2,0.0,0.0,221.2,5.8,141.0,81.2,216.0,35.3,11.0,322.0,23.0,0.0,148.0,199.0,111.0,2.0,354.0,27.2,LAC,11.0,283.0,13,25,3,3
Josiah Deguara,TE,378.3,0.6,0.0,0.0,0.5,0.0,6.0,0.0,0.0,0.0,366.0,1.2,0.0,0.0,381.0,1.1,366.0,2.2,505.0,9.2,16.0,389.0,1.0,0.0,12.0,502.0,0.0,0.0,0.0,9.2,GB,16.0,388.0,27,28,6,4
JuJu Smith-Schuster,WR,81.8,8.6,0.0,0.0,6.1,0.6,51.9,0.0,0.0,0.0,56.0,137.1,0.0,0.0,65.1,14.6,45.0,234.1,61.0,15.3,6.0,150.0,97.0,9.0,831.0,77.0,0.0,0.0,0.0,15.4,PIT,7.0,169.0,22,22,14,2
Julio Jones,WR,36.7,10.6,0.0,0.0,5.7,0.3,85.7,0.0,0.0,0.0,21.0,95.1,0.0,0.0,38.2,16.2,15.0,146.1,36.0,8.5,5.0,75.0,51.0,3.0,771.0,36.0,0.0,0.0,0.0,7.7,TEN,5.0,75.0,25,27,20,2
Justice Hill,RB,325.2,0.7,0.0,0.0,0.4,0.0,1.7,1.0,0.0,5.0,245.0,8.0,0.0,0.0,325.6,1.1,245.0,13.0,333.0,24.9,13.0,380.0,5.0,0.0,20.0,331.0,12.0,0.0,60.0,24.6,BAL,13.0,379.0,14,12,17,3
Justin Fields,QB,176.9,0.0,0.0,0.0,0.0,0.0,0.0,0.0,0.0,0.0,95.0,0.0,0.0,0.0,178.5,0.0,95.0,0.0,166.0,51.3,10.0,338.0,0.0,0.0,0.0,168.0,0.0,0.0,0.0,50.8,CHI,10.0,338.0,23,22,23,1
Justin Herbert,QB,76.3,22.9,2.1,289.1,0.0,0.0,0.0,3.7,0.3,15.6,55.0,342.84,31.0,4336.0,76.7,22.9,50.0,342.84,73.0,9.8,7.0,117.0,0.0,0.0,0.0,70.0,55.0,5.0,234.0,9.7,LAC,7.0,117.0,27,28,16,1
Justin Jackson,RB,235.3,5.1,0.0,0.0,2.1,0.0,19.2,6.6,0.0,30.0,134.0,46.3,0.0,0.0,225.6,7.3,126.0,65.3,224.0,36.6,11.0,323.0,19.0,0.0,173.0,242.0,59.0,0.0,270.0,34.2,LAC,12.0,351.0,13,25,3,2
Justin Jefferson,WR,23.0,11.6,0.0,0.0,5.5,0.4,87.5,0.1,0.0,0.1,13.0,186.2,0.0,0.0,19.9,17.1,11.0,274.2,18.0,5.5,3.0,36.0,88.0,7.0,1400.0,21.0,1.0,0.0,2.0,3.8,MIN,3.0,35.0,18,6,28,1
Justin Tucker,K,171.9,9.1,0.0,0.0,0.0,0.0,0.0,0.0,0.0,0.0,95.0,145.0,0.0,0.0,172.9,9.1,81.0,145.0,170.0,9.4,10.0,221.0,0.0,0.0,0.0,171.0,0.0,0.0,0.0,7.7,BAL,10.0,204.0,5,9,8,0
KJ Hamler,WR,243.9,4.6,0.0,0.0,2.3,0.2,29.3,0.7,0.0,3.1,124.0,60.1,0.0,0.0,244.4,6.9,122.0,90.1,248.0,23.9,12.0,306.0,30.0,3.0,381.0,248.0,9.0,0.0,40.0,24.4,DEN,12.0,301.0,21,26,8,4
Ka'imi Fairbairn,K,277.4,8.3,0.0,0.0,0.0,0.0,0.0,0.0,0.0,0.0,109.0,132.0,0.0,0.0,277.3,8.3,95.0,132.0,281.0,34.6,12.0,353.0,0.0,0.0,0.0,280.0,0.0,0.0,0.0,35.1,HOU,12.0,353.0,27,30,4,0
Kadarius Toney,WR,253.7,0.0,0.0,0.0,0.0,0.0,0.0,0.0,0.0,0.0,151.0,0.0,0.0,0.0,252.3,0.0,155.0,0.0,257.0,38.0,12.0,350.0,0.0,0.0,0.0,261.0,0.0,0.0,0.0,36.9,NYG,12.0,364.0,13,17,12,4
Kahale Warring,TE,364.3,0.5,0.0,0.0,0.4,0.0,5.0,0.0,0.0,0.0,349.0,3.5,0.0,0.0,370.0,0.9,347.0,6.5,466.0,11.1,16.0,384.0,3.0,0.0,35.0,451.0,0.0,0.0,0.0,12.2,HOU,15.0,385.0,10,12,16,4
Kalen Ballage,RB,324.4,5.9,0.0,0.0,2.6,0.0,15.1,8.3,0.3,27.5,245.0,64.9,0.0,0.0,312.7,8.5,187.0,93.9,323.0,36.6,13.0,388.0,29.0,0.0,166.0,337.0,91.0,3.0,303.0,27.0,PIT,14.0,393.0,4,11,5,4
Kansas City Chiefs,DEF,194.3,6.6,0.0,0.0,0.0,0.0,0.0,0.0,0.0,0.0,140.0,106.0,0.0,0.0,195.9,6.6,159.0,106.0,195.0,23.2,11.0,294.0,0.0,0.0,0.0,197.0,0.0,0.0,0.0,22.8,KC,11.0,294.0,22,19,24,0
Kareem Hunt,RB,59.6,11.3,0.0,0.0,2.4,0.3,19.0,12.4,0.4,52.6,36.0,180.5,0.0,0.0,59.5,13.7,40.0,218.5,60.0,8.8,6.0,84.0,38.0,5.0,304.0,59.0,198.0,6.0,841.0,9.9,CLE,6.0,85.0,2,8,8,2
Ke'Shawn Vaughn,RB,255.3,1.8,0.0,0.0,0.5,0.1,3.4,2.6,0.0,10.9,134.0,18.3,0.0,0.0,268.9,2.3,143.0,23.3,287.0,53.4,13.0,373.0,5.0,1.0,34.0,278.0,26.0,0.0,109.0,57.1,TB,12.0,386.0,32,32,24,4
Keelan Cole Sr.,WR,289.0,6.3,0.0,0.0,3.4,0.3,40.1,0.1,0.0,0.1,122.0,100.4,0.0,0.0,289.3,9.7,113.0,155.4,302.0,43.7,13.0,382.0,55.0,5.0,642.0,303.0,1.0,0.0,2.0,41.4,NYJ,13.0,377.0,7,10,11,0
Keenan Allen,WR,31.4,10.4,0.0,0.0,7.1,0.6,70.9,0.1,0.0,-0.1,21.0,145.1,0.0,0.0,21.2,17.5,12.0,245.1,20.0,5.4,3.0,35.0,100.0,8.0,992.0,31.0,1.0,0.0,-1.0,5.3,LAC,4.0,58.0,28,24,23,1
Keke Coutee,WR,289.3,6.8,0.0,0.0,4.1,0.4,50.0,0.0,0.0,0.0,222.0,54.0,0.0,0.0,274.3,10.9,184.0,87.0,284.0,27.9,12.0,359.0,33.0,3.0,400.0,297.0,0.0,0.0,0.0,28.4,HOU,13.0,370.0,10,14,13,6
Kelvin Harmon,WR,290.5,0.0,0.0,0.0,0.0,0.0,0.0,0.0,0.0,0.0,271.0,0.0,0.0,0.0,313.7,0.0,270.0,0.0,460.0,37.7,15.0,362.0,0.0,0.0,0.0,465.0,0.0,0.0,0.0,19.5,WAS,16.0,310.0,14,25,1,5
Kendrick Bourne,WR,287.5,5.4,0.0,0.0,3.3,0.1,44.5,0.0,0.0,0.0,185.0,80.7,0.0,0.0,281.8,8.6,41.0,129.7,291.0,33.9,13.0,367.0,49.0,2.0,667.0,292.0,0.0,0.0,0.0,34.2,NE,13.0,373.0,2,1,30,2
Kene Nwangwu,RB,350.4,0.0,0.0,0.0,0.0,0.0,0.0,0.0,0.0,0.0,313.0,0.0,0.0,0.0,349.9,0.0,305.0,0.0,432.0,24.1,15.0,382.0,0.0,0.0,0.0,425.0,0.0,0.0,0.0,16.2,MIN,15.0,368.0,12,6,28,4
Kenneth Gainwell,RB,200.7,0.0,0.0,0.0,0.0,0.0,0.0,0.0,0.0,0.0,115.0,0.0,0.0,0.0,195.7,0.0,104.0,0.0,192.0,48.9,11.0,365.0,0.0,0.0,0.0,193.0,0.0,0.0,0.0,49.5,PHI,11.0,362.0,15,3,30,3
Kenny Golladay,WR,47.5,9.2,0.0,0.0,4.0,0.4,67.6,0.0,0.0,0.0,28.0,45.8,0.0,0.0,53.6,13.2,34.0,65.8,51.0,10.9,6.0,99.0,20.0,2.0,338.0,45.0,0.0,0.0,0.0,9.6,NYG,5.0,82.0,13,17,12,1
Kenny Stills,WR,344.0,2.0,0.0,0.0,1.1,0.1,14.4,0.0,0.0,0.0,239.0,20.4,0.0,0.0,338.8,3.1,240.0,31.4,455.0,23.1,15.0,366.0,11.0,1.0,144.0,450.0,0.0,0.0,0.0,30.5,BUF,15.0,384.0,16,16,18,0
Kenny Yeboah,TE,317.5,0.0,0.0,0.0,0.0,0.0,0.0,0.0,0.0,0.0,260.0,0.0,0.0,0.0,314.0,0.0,260.0,0.0,480.0,54.0,16.0,368.0,0.0,0.0,0.0,480.0,0.0,0.0,0.0,57.5,NYJ,16.0,375.0,9,9,15,4
Kenyan Drake,RB,112.8,11.1,0.0,0.0,1.7,0.0,9.1,15.9,0.7,63.7,34.0,167.2,0.0,0.0,106.8,12.8,51.0,192.2,105.0,22.3,8.0,273.0,25.0,0.0,137.0,114.0,239.0,10.0,955.0,18.6,LV,8.0,273.0,28,27,19,2
Kerryon Johnson,RB,245.1,3.3,0.0,0.0,1.2,0.1,11.7,3.3,0.1,11.3,131.0,52.8,0.0,0.0,252.0,4.5,149.0,71.8,263.0,42.2,12.0,364.0,19.0,1.0,187.0,254.0,52.0,2.0,181.0,43.5,PHI,12.0,363.0,15,3,30,4
Khalil Herbert,RB,330.5,0.0,0.0,0.0,0.0,0.0,0.0,0.0,0.0,0.0,245.0,0.0,0.0,0.0,335.5,0.0,237.0,0.0,402.0,29.7,15.0,386.0,0.0,0.0,0.0,403.0,0.0,0.0,0.0,28.9,CHI,15.0,372.0,8,13,7,4
Kirk Cousins,QB,125.0,19.9,2.2,266.6,0.0,0.0,0.0,2.0,0.1,9.8,73.0,319.2,35.0,4265.0,124.7,19.9,61.0,319.2,119.0,18.8,9.0,202.0,0.0,0.0,0.0,121.0,32.0,1.0,156.0,18.6,MIN,9.0,202.0,19,5,28,1
Kyle Juszczyk,RB,345.4,3.9,0.0,0.0,1.2,0.3,12.6,1.1,0.1,4.0,238.0,62.6,0.0,0.0,307.6,5.1,195.0,81.6,414.0,47.4,15.0,380.0,19.0,4.0,202.0,453.0,17.0,2.0,64.0,32.4,SF,15.0,387.0,7,10,14,0
Kyle Pitts,TE,64.8,0.0,0.0,0.0,0.0,0.0,0.0,0.0,0.0,0.0,17.0,0.0,0.0,0.0,65.6,0.0,17.0,0.0,62.0,37.5,6.0,281.0,0.0,0.0,0.0,61.0,0.0,0.0,0.0,39.2,ATL,6.0,273.0,19,10,23,1
Kyle Rudolph,TE,293.9,3.1,0.0,0.0,2.3,0.1,27.8,0.0,0.0,0.0,255.0,37.4,0.0,0.0,288.1,5.5,232.0,65.4,299.0,26.6,13.0,375.0,28.0,1.0,334.0,304.0,0.0,0.0,0.0,29.1,NYG,13.0,375.0,13,13,17,2
Kylen Granson,TE,382.3,0.0,0.0,0.0,0.0,0.0,0.0,0.0,0.0,0.0,366.0,0.0,0.0,0.0,372.0,0.0,361.0,0.0,482.0,8.7,16.0,389.0,0.0,0.0,0.0,501.0,0.0,0.0,0.0,9.6,IND,16.0,390.0,20,4,32,4
Kyler Murray,QB,52.3,24.4,1.6,248.2,0.0,0.0,0.0,8.3,0.7,51.2,19.0,390.74,26.0,3971.0,52.5,24.4,19.0,390.74,48.0,7.0,6.0,68.0,0.0,0.0,0.0,48.0,133.0,11.0,819.0,7.3,ARI,6.0,68.0,18,21,14,1
Kylin Hill,RB,313.2,0.0,0.0,0.0,0.0,0.0,0.0,0.0,0.0,0.0,245.0,0.0,0.0,0.0,325.1,0.0,253.0,0.0,391.0,36.8,14.0,388.0,0.0,0.0,0.0,392.0,0.0,0.0,0.0,35.7,GB,14.0,389.0,30,26,27,3
La'Mical Perine,RB,229.7,4.2,0.0,0.0,1.1,0.0,6.3,6.4,0.2,23.2,154.0,41.5,0.0,0.0,254.1,5.3,147.0,52.5,259.0,39.4,12.0,359.0,11.0,0.0,63.0,241.0,64.0,2.0,232.0,41.5,NYJ,12.0,329.0,20,17,18,0
Lamar Jackson,QB,54.0,22.8,1.7,183.8,0.0,0.0,0.0,10.6,0.5,67.0,19.0,341.78,26.0,2757.0,54.0,22.8,19.0,341.78,52.0,12.1,6.0,77.0,0.0,0.0,0.0,50.0,159.0,7.0,1005.0,12.2,BAL,6.0,77.0,17,15,15,1
Larry Fitzgerald,WR,318.4,3.6,0.0,0.0,4.2,0.1,31.5,0.0,0.0,0.0,262.0,46.9,0.0,0.0,314.5,7.8,262.0,100.9,378.0,29.6,14.0,386.0,54.0,1.0,409.0,384.0,0.0,0.0,0.0,25.9,FA,14.0,379.0,33,33,33,0
Larry Rountree III,RB,294.3,0.0,0.0,0.0,0.0,0.0,0.0,0.0,0.0,0.0,123.0,0.0,0.0,0.0,298.2,0.0,143.0,0.0,360.0,59.0,14.0,383.0,0.0,0.0,0.0,356.0,0.0,0.0,0.0,61.5,LAC,14.0,375.0,13,25,3,0
Las Vegas Raiders,DEF,330.4,2.7,0.0,0.0,0.0,0.0,0.0,0.0,0.0,0.0,176.0,43.0,0.0,0.0,332.4,2.7,266.0,43.0,385.0,19.5,14.0,355.0,0.0,0.0,0.0,382.0,0.0,0.0,0.0,22.8,LV,14.0,355.0,7,5,16,0
Latavius Murray,RB,121.5,7.5,0.0,0.0,1.5,0.1,11.7,9.7,0.3,43.7,66.0,113.2,0.0,0.0,131.6,9.1,66.0,136.2,130.0,15.2,9.0,182.0,23.0,1.0,176.0,118.0,146.0,4.0,656.0,15.0,NO,8.0,185.0,25,21,22,2
Laviska Shenault Jr.,WR,104.0,7.1,0.0,0.0,4.1,0.4,42.9,1.3,0.0,6.5,64.0,99.1,0.0,0.0,99.2,11.2,45.0,157.1,97.0,20.2,8.0,196.0,58.0,5.0,600.0,102.0,18.0,0.0,91.0,20.9,JAC,8.0,196.0,4,8,3,0
Le'Veon Bell,RB,261.7,5.3,0.0,0.0,1.5,0.0,12.5,7.5,0.2,29.8,88.0,58.6,0.0,0.0,281.9,6.8,115.0,74.6,307.0,61.7,13.0,382.0,16.0,0.0,138.0,301.0,82.0,2.0,328.0,67.3,FA,13.0,369.0,33,33,33,0
LeSean McCoy,RB,352.4,1.3,0.0,0.0,1.5,0.0,10.1,1.0,0.0,3.1,322.0,13.2,0.0,0.0,355.6,2.8,322.0,28.2,427.0,17.7,15.0,384.0,15.0,0.0,101.0,427.0,10.0,0.0,31.0,21.2,FA,15.0,385.0,33,33,33,0
Leonard Fournette,RB,97.8,7.4,0.0,0.0,2.8,0.0,17.9,7.5,0.5,28.2,59.0,96.0,0.0,0.0,98.4,10.2,59.0,132.0,95.0,17.1,8.0,149.0,36.0,0.0,233.0,94.0,97.0,6.0,367.0,15.9,TB,8.0,146.0,32,32,24,2
Lil'Jordan Humphrey,WR,269.0,3.5,0.0,0.0,1.0,0.3,15.3,0.0,0.0,0.0,229.0,10.6,0.0,0.0,303.0,4.5,240.0,13.6,440.0,55.4,15.0,381.0,3.0,1.0,46.0,436.0,0.0,0.0,0.0,35.4,NO,15.0,315.0,6,11,5,5
Logan Thomas,TE,105.7,6.5,0.0,0.0,4.5,0.4,41.9,0.2,0.0,0.3,59.0,104.62,0.0,0.0,95.1,11.0,48.0,176.62,92.0,21.0,8.0,163.0,72.0,6.0,670.0,104.0,3.0,0.0,5.0,19.4,WAS,8.0,160.0,12,8,19,1
Los Angeles Chargers,DEF,217.8,4.3,0.0,0.0,0.0,0.0,0.0,0.0,0.0,0.0,159.0,73.0,0.0,0.0,218.7,4.3,159.0,73.0,213.0,17.9,11.0,347.0,0.0,0.0,0.0,214.0,0.0,0.0,0.0,17.7,LAC,11.0,347.0,11,8,20,0
Los Angeles Rams,DEF,148.1,9.4,0.0,0.0,0.0,0.0,0.0,0.0,0.0,0.0,86.0,151.0,0.0,0.0,149.3,9.4,72.0,151.0,152.0,18.0,9.0,293.0,0.0,0.0,0.0,150.0,0.0,0.0,0.0,17.0,LAR,10.0,293.0,13,20,8,0
Lynn Bowden Jr.,WR,322.8,2.6,0.0,0.0,2.8,0.0,21.1,0.9,0.0,3.2,214.0,25.58,0.0,0.0,311.7,5.4,208.0,53.58,356.0,44.9,14.0,390.0,28.0,0.0,211.0,366.0,9.0,0.0,32.0,40.6,MIA,14.0,390.0,20,4,29,0
Mac Jones,QB,319.8,0.0,0.0,0.0,0.0,0.0,0.0,0.0,0.0,0.0,178.0,0.0,0.0,0.0,319.0,0.0,178.0,0.0,332.0,37.7,13.0,387.0,0.0,0.0,0.0,330.0,0.0,0.0,0.0,36.8,NE,13.0,387.0,1,1,30,1
Malcolm Brown,RB,217.0,5.4,0.0,0.0,1.4,0.0,10.1,6.3,0.3,26.2,110.0,86.1,0.0,0.0,240.8,6.8,120.0,109.1,241.0,39.5,12.0,316.0,23.0,0.0,162.0,217.0,101.0,5.0,419.0,34.8,MIA,11.0,316.0,11,2,32,3
Marcus Mariota,QB,372.4,26.8,1.0,226.0,0.0,0.0,0.0,9.0,1.0,88.0,323.0,26.84,1.0,226.0,371.4,26.8,314.0,26.84,475.0,16.6,16.0,387.0,0.0,0.0,0.0,462.0,9.0,1.0,88.0,17.8,LV,16.0,391.0,28,30,7,2
Mark Andrews,TE,52.5,8.0,0.0,0.0,4.1,0.5,50.1,0.0,0.0,0.0,18.0,112.1,0.0,0.0,55.2,12.2,26.0,170.1,54.0,8.2,6.0,69.0,58.0,7.0,701.0,49.0,0.0,0.0,0.0,8.0,BAL,6.0,71.0,7,11,11,1
Mark Ingram II,RB,221.1,4.3,0.0,0.0,0.5,0.0,4.5,6.5,0.2,27.2,144.0,46.9,0.0,0.0,226.6,4.8,146.0,52.9,230.0,41.0,11.0,321.0,6.0,0.0,50.0,229.0,72.0,2.0,299.0,40.2,HOU,11.0,327.0,17,24,4,0
Marlon Mack,RB,183.7,5.6,0.0,0.0,3.0,0.0,30.0,4.0,0.0,26.0,103.0,5.6,0.0,0.0,197.0,8.6,112.0,8.6,196.0,49.1,11.0,389.0,3.0,0.0,30.0,186.0,4.0,0.0,26.0,45.4,IND,10.0,377.0,6,1,29,3
Marquez Callaway,WR,242.2,1.9,0.0,0.0,1.9,0.0,19.4,0.0,0.0,0.0,101.0,21.3,0.0,0.0,241.6,3.8,128.0,42.3,322.0,61.6,13.0,390.0,21.0,0.0,213.0,317.0,0.0,0.0,0.0,60.9,NO,13.0,384.0,6,11,5,4
Marquez Valdes-Scantling,WR,214.7,6.5,0.0,0.0,2.1,0.4,43.1,0.3,0.0,0.8,130.0,104.3,0.0,0.0,231.6,8.6,141.0,137.3,226.0,23.6,11.0,297.0,33.0,6.0,690.0,210.0,4.0,0.0,13.0,22.6,GB,11.0,290.0,29,29,19,5
Marquise Brown,WR,105.1,7.8,0.0,0.0,3.6,0.5,48.1,0.1,0.0,0.1,74.0,125.0,0.0,0.0,116.0,11.4,86.0,183.0,114.0,25.4,8.0,222.0,58.0,8.0,769.0,107.0,1.0,0.0,1.0,24.1,BAL,8.0,210.0,15,18,16,1
Marvin Jones Jr.,WR,123.4,9.5,0.0,0.0,4.8,0.6,61.1,0.0,0.0,0.0,59.0,151.8,0.0,0.0,122.3,14.2,58.0,227.8,118.0,23.6,8.0,210.0,76.0,9.0,978.0,120.0,0.0,0.0,0.0,23.7,JAC,8.0,210.0,4,8,3,0
Mason Crosby,K,252.2,7.5,0.0,0.0,0.0,0.0,0.0,0.0,0.0,0.0,116.0,120.0,0.0,0.0,252.6,7.5,102.0,120.0,249.0,17.0,12.0,326.0,0.0,0.0,0.0,249.0,0.0,0.0,0.0,17.1,GB,12.0,325.0,25,26,27,0
Matt Breida,RB,263.0,2.8,0.0,0.0,0.8,0.0,8.0,4.9,0.0,21.2,156.0,33.0,0.0,0.0,256.6,3.5,168.0,42.0,269.0,38.7,12.0,359.0,9.0,0.0,96.0,274.0,59.0,0.0,254.0,36.1,BUF,12.0,360.0,23,22,20,3
Matt Gay,K,276.5,9.4,0.0,0.0,0.0,0.0,0.0,0.0,0.0,0.0,191.0,66.0,0.0,0.0,279.3,9.4,192.0,66.0,300.0,36.3,13.0,340.0,0.0,0.0,0.0,296.0,0.0,0.0,0.0,37.2,LAR,13.0,340.0,9,12,12,0
Matt Prater,K,226.4,7.3,0.0,0.0,0.0,0.0,0.0,0.0,0.0,0.0,112.0,117.0,0.0,0.0,227.1,7.3,98.0,117.0,218.0,17.5,11.0,302.0,0.0,0.0,0.0,223.0,0.0,0.0,0.0,16.7,ARI,11.0,302.0,7,2,28,0
Matt Ryan,QB,120.3,18.3,1.6,286.3,0.0,0.0,0.0,1.8,0.1,5.8,77.0,293.44,26.0,4581.0,120.4,18.3,64.0,293.44,115.0,16.4,8.0,197.0,0.0,0.0,0.0,116.0,29.0,2.0,92.0,16.9,ATL,8.0,200.0,13,24,6,1
Matthew Stafford,QB,98.9,16.9,1.6,255.3,0.0,0.0,0.0,1.8,0.0,7.0,68.0,270.56,26.0,4084.0,98.6,16.9,59.0,270.56,96.0,11.0,8.0,143.0,0.0,0.0,0.0,98.0,29.0,0.0,112.0,11.3,LAR,8.0,147.0,11,7,13,1
Maxx Williams,TE,324.0,1.8,0.0,0.0,0.9,0.1,11.3,0.0,0.0,0.0,191.0,16.2,0.0,0.0,333.0,2.7,180.0,24.2,412.0,41.6,15.0,387.0,8.0,1.0,102.0,406.0,0.0,0.0,0.0,41.2,ARI,15.0,370.0,29,26,22,1
Mecole Hardman,WR,140.1,5.4,0.0,0.0,2.6,0.3,35.0,0.3,0.0,1.9,80.0,87.1,0.0,0.0,153.3,8.0,88.0,128.1,141.0,27.3,9.0,212.0,41.0,4.0,560.0,130.0,4.0,0.0,31.0,26.2,KC,9.0,210.0,26,23,25,2
Melvin Gordon III,RB,80.6,11.1,0.0,0.0,2.1,0.1,10.5,14.3,0.6,65.7,22.0,166.4,0.0,0.0,85.6,13.2,40.0,198.4,81.0,21.8,7.0,143.0,32.0,1.0,158.0,76.0,215.0,9.0,986.0,20.0,DEN,7.0,140.0,3,14,1,0
Miami Dolphins,DEF,216.3,8.3,0.0,0.0,0.0,0.0,0.0,0.0,0.0,0.0,144.0,141.0,0.0,0.0,217.9,8.3,145.0,141.0,217.0,32.1,11.0,338.0,0.0,0.0,0.0,215.0,0.0,0.0,0.0,32.9,MIA,11.0,338.0,20,6,30,0
Michael Badgley,K,246.1,7.5,0.0,0.0,0.0,0.0,0.0,0.0,0.0,0.0,114.0,120.0,0.0,0.0,246.6,7.5,100.0,120.0,244.0,11.6,12.0,309.0,0.0,0.0,0.0,244.0,0.0,0.0,0.0,12.1,LAC,12.0,309.0,12,11,18,0
Michael Carter,RB,99.9,0.0,0.0,0.0,0.0,0.0,0.0,0.0,0.0,0.0,47.0,0.0,0.0,0.0,96.3,0.0,51.0,0.0,98.0,31.9,8.0,337.0,0.0,0.0,0.0,108.0,0.0,0.0,0.0,39.9,NYJ,8.0,367.0,20,17,18,1
Michael Gallup,WR,102.3,7.1,0.0,0.0,3.7,0.3,52.7,0.0,0.0,0.0,61.0,114.3,0.0,0.0,110.2,10.8,72.0,173.3,109.0,19.6,8.0,203.0,59.0,5.0,843.0,100.0,0.0,0.0,0.0,18.8,DAL,8.0,189.0,27,21,27,3
Michael Pittman Jr.,WR,118.6,4.5,0.0,0.0,3.1,0.1,38.7,0.2,0.0,2.0,54.0,58.9,0.0,0.0,116.3,7.6,56.0,98.9,113.0,24.7,8.0,199.0,40.0,1.0,503.0,115.0,3.0,0.0,26.0,24.5,IND,8.0,198.0,9,2,31,0
Michael Thomas,WR,95.9,6.3,0.0,0.0,5.7,0.0,62.6,0.1,0.0,0.1,15.0,43.9,0.0,0.0,87.4,12.0,11.0,83.9,84.0,49.2,7.0,223.0,40.0,0.0,438.0,96.0,1.0,0.0,1.0,47.3,NO,8.0,229.0,6,11,5,2
Mike Boone,RB,299.9,0.8,0.0,0.0,0.1,0.0,0.6,0.7,0.1,3.7,60.0,12.9,0.0,0.0,318.6,0.9,195.0,14.9,363.0,49.9,14.0,393.0,2.0,0.0,10.0,354.0,11.0,1.0,59.0,54.1,DEN,14.0,362.0,3,14,1,4
Mike Davis,RB,66.5,9.8,0.0,0.0,3.9,0.1,24.9,11.0,0.4,42.8,28.0,147.5,0.0,0.0,59.4,13.8,28.0,206.5,59.0,31.2,6.0,271.0,59.0,2.0,373.0,63.0,165.0,6.0,642.0,42.3,ATL,6.0,292.0,21,28,6,1
Mike Evans,WR,31.0,11.2,0.0,0.0,4.4,0.8,62.9,0.0,0.0,0.0,23.0,178.6,0.0,0.0,38.1,15.5,23.0,248.6,35.0,6.4,5.0,64.0,70.0,13.0,1006.0,30.0,0.0,0.0,0.0,5.4,TB,4.0,52.0,19,15,21,1
Mike Gesicki,TE,106.6,7.1,0.0,0.0,3.5,0.4,46.9,0.0,0.0,0.0,54.0,106.3,0.0,0.0,112.2,10.6,51.0,159.3,111.0,17.9,8.0,181.0,53.0,6.0,703.0,105.0,0.0,0.0,0.0,18.9,MIA,8.0,161.0,2,2,29,1
Mike Williams,WR,98.7,7.0,0.0,0.0,3.2,0.3,50.4,0.1,0.0,0.1,55.0,105.7,0.0,0.0,114.4,10.2,75.0,153.7,112.0,21.6,8.0,196.0,48.0,5.0,756.0,97.0,1.0,0.0,1.0,19.4,LAC,8.0,184.0,28,24,23,2
Miles Boykin,WR,318.3,3.2,0.0,0.0,1.2,0.3,16.6,0.0,0.0,0.0,243.0,50.6,0.0,0.0,321.6,4.3,248.0,69.6,337.0,26.5,14.0,386.0,19.0,4.0,266.0,333.0,0.0,0.0,0.0,25.5,BAL,13.0,386.0,15,18,16,6
Miles Sanders,RB,40.6,11.9,0.0,0.0,2.3,0.0,16.4,13.7,0.5,72.3,14.0,142.4,0.0,0.0,42.5,14.2,22.0,170.4,41.0,8.8,5.0,71.0,28.0,0.0,197.0,40.0,164.0,6.0,867.0,10.6,PHI,5.0,83.0,15,3,30,1
Minnesota Vikings,DEF,245.9,3.8,0.0,0.0,0.0,0.0,0.0,0.0,0.0,0.0,164.0,60.0,0.0,0.0,246.9,3.8,201.0,60.0,246.0,18.4,12.0,318.0,0.0,0.0,0.0,245.0,0.0,0.0,0.0,18.6,MIN,12.0,318.0,17,10,23,0
Mitchell Trubisky,QB,357.7,16.2,1.6,205.5,0.0,0.0,0.0,3.3,0.1,19.5,241.0,161.7,16.0,2055.0,358.6,16.2,241.0,161.7,413.0,33.4,15.0,397.0,0.0,0.0,0.0,414.0,33.0,1.0,195.0,32.9,BUF,15.0,397.0,25,26,18,2
Mo Alie-Cox,TE,269.1,3.3,0.0,0.0,2.1,0.1,26.3,0.0,0.0,0.0,139.0,49.4,0.0,0.0,266.7,5.4,134.0,80.4,325.0,52.5,13.0,373.0,31.0,2.0,394.0,324.0,0.0,0.0,0.0,52.4,IND,13.0,378.0,20,4,32,2
Mohamed Sanu,WR,321.8,2.7,0.0,0.0,1.7,0.1,18.7,0.1,0.0,0.3,290.0,27.0,0.0,0.0,316.5,4.4,269.0,44.0,447.0,29.4,15.0,347.0,17.0,1.0,187.0,445.0,1.0,0.0,3.0,21.2,SF,15.0,343.0,1,9,2,4
Myles Gaskin,RB,55.1,12.3,0.0,0.0,4.1,0.2,38.8,14.2,0.3,58.4,22.0,123.2,0.0,0.0,52.8,16.4,34.0,164.2,49.0,11.6,6.0,115.0,41.0,2.0,388.0,52.0,142.0,3.0,584.0,12.6,MIA,6.0,176.0,11,2,32,1
N'Keal Harry,WR,279.7,2.9,0.0,0.0,2.4,0.1,22.1,0.1,0.0,0.0,220.0,40.9,0.0,0.0,276.8,5.3,205.0,73.9,294.0,36.0,13.0,387.0,33.0,2.0,309.0,294.0,2.0,0.0,0.0,36.0,NE,13.0,384.0,2,1,30,4
Najee Harris,RB,27.1,0.0,0.0,0.0,0.0,0.0,0.0,0.0,0.0,0.0,5.0,0.0,0.0,0.0,27.2,0.0,6.0,0.0,29.0,18.3,4.0,149.0,0.0,0.0,0.0,28.0,0.0,0.0,0.0,39.1,PIT,4.0,320.0,4,11,5,1
Nelson Agholor,WR,152.3,8.6,0.0,0.0,3.0,0.5,56.0,0.0,0.0,0.0,90.0,137.6,0.0,0.0,159.6,11.6,97.0,185.6,154.0,29.6,10.0,244.0,48.0,8.0,896.0,141.0,0.0,0.0,0.0,29.8,NE,9.0,243.0,2,1,30,1
New England Patriots,DEF,191.6,6.6,0.0,0.0,0.0,0.0,0.0,0.0,0.0,0.0,140.0,106.0,0.0,0.0,191.7,6.6,141.0,106.0,189.0,21.5,10.0,307.0,0.0,0.0,0.0,192.0,0.0,0.0,0.0,21.5,NE,11.0,307.0,31,12,32,0
New Orleans Saints,DEF,191.5,7.8,0.0,0.0,0.0,0.0,0.0,0.0,0.0,0.0,91.0,124.0,0.0,0.0,192.7,7.8,77.0,124.0,190.0,26.0,11.0,322.0,0.0,0.0,0.0,191.0,0.0,0.0,0.0,25.7,NO,11.0,322.0,3,14,7,0
New York Giants,DEF,280.5,6.4,0.0,0.0,0.0,0.0,0.0,0.0,0.0,0.0,163.0,103.0,0.0,0.0,279.8,6.4,163.0,103.0,280.0,27.6,12.0,340.0,0.0,0.0,0.0,285.0,0.0,0.0,0.0,26.3,NYG,12.0,340.0,2,9,4,0
New York Jets,DEF,289.8,4.2,0.0,0.0,0.0,0.0,0.0,0.0,0.0,0.0,104.0,67.0,0.0,0.0,290.5,4.2,90.0,67.0,288.0,23.6,13.0,323.0,0.0,0.0,0.0,288.0,0.0,0.0,0.0,24.4,NYJ,13.0,323.0,16,16,13,0
Nick Boyle,TE,345.3,2.6,0.0,0.0,1.6,0.2,12.6,0.0,0.0,0.0,291.0,23.3,0.0,0.0,346.0,4.1,299.0,37.3,470.0,28.8,16.0,376.0,14.0,2.0,113.0,467.0,0.0,0.0,0.0,33.1,BAL,16.0,380.0,7,11,11,3
Nick Chubb,RB,6.8,16.0,0.0,0.0,1.3,0.0,12.5,15.8,1.0,88.9,3.0,191.7,0.0,0.0,20.2,17.3,3.0,207.7,19.0,5.8,3.0,40.0,16.0,0.0,150.0,6.0,190.0,12.0,1067.0,2.6,CLE,2.0,22.0,2,8,8,1
Nick Foles,QB,374.5,12.5,1.1,205.8,0.0,0.0,0.0,1.8,0.1,0.1,367.0,112.18,10.0,1852.0,374.5,12.5,367.0,112.18,508.0,7.5,16.0,382.0,0.0,0.0,0.0,506.0,16.0,1.0,1.0,7.5,CHI,16.0,382.0,23,22,23,3
Nick Folk,K,311.6,7.7,0.0,0.0,0.0,0.0,0.0,0.0,0.0,0.0,224.0,123.0,0.0,0.0,313.6,7.7,228.0,123.0,387.0,31.5,14.0,353.0,0.0,0.0,0.0,380.0,0.0,0.0,0.0,34.6,NE,14.0,351.0,29,4,32,0
Nick Vannett,TE,344.7,1.0,0.0,0.0,0.9,0.1,6.3,0.0,0.0,0.0,299.0,15.5,0.0,0.0,346.7,2.0,305.0,29.5,484.0,29.9,16.0,374.0,14.0,1.0,95.0,481.0,0.0,0.0,0.0,32.7,NO,16.0,374.0,8,21,3,2
Nico Collins,WR,276.2,0.0,0.0,0.0,0.0,0.0,0.0,0.0,0.0,0.0,144.0,0.0,0.0,0.0,278.1,0.0,140.0,0.0,290.0,52.0,13.0,380.0,0.0,0.0,0.0,291.0,0.0,0.0,0.0,47.8,HOU,13.0,380.0,10,14,13,4
Noah Fant,TE,89.4,5.8,0.0,0.0,4.1,0.2,44.9,0.0,0.0,0.0,62.0,87.3,0.0,0.0,82.8,10.0,53.0,149.3,77.0,14.5,7.0,133.0,62.0,3.0,673.0,85.0,0.0,0.0,0.0,16.7,DEN,7.0,139.0,4,7,12,1
Noah Gray,TE,284.0,0.0,0.0,0.0,0.0,0.0,0.0,0.0,0.0,0.0,209.0,0.0,0.0,0.0,297.0,0.0,217.0,0.0,436.0,49.8,15.0,354.0,0.0,0.0,0.0,422.0,0.0,0.0,0.0,59.2,KC,15.0,352.0,23,20,20,4
Nyheim Hines,RB,141.2,8.1,0.0,0.0,3.9,0.3,30.1,5.6,0.2,23.8,71.0,130.2,0.0,0.0,108.7,12.1,72.0,193.2,107.0,16.2,8.0,156.0,63.0,4.0,482.0,132.0,89.0,3.0,380.0,14.1,IND,9.0,186.0,6,1,29,2
O.J. Howard,TE,228.6,6.7,0.0,0.0,2.8,0.5,36.5,0.0,0.0,0.0,132.0,26.6,0.0,0.0,242.7,9.4,139.0,37.6,240.0,24.1,12.0,299.0,11.0,2.0,146.0,224.0,0.0,0.0,0.0,27.2,TB,11.0,294.0,14,23,7,3
Odell Beckham Jr.,WR,57.2,9.1,0.0,0.0,3.3,0.4,45.6,0.4,0.1,10.3,36.0,63.82,0.0,0.0,66.0,12.4,42.0,86.82,63.0,14.2,6.0,151.0,23.0,3.0,319.0,56.0,3.0,1.0,72.0,14.0,CLE,6.0,138.0,32,31,24,0
Olabisi Johnson,WR,346.6,1.3,0.0,0.0,0.9,0.0,11.8,0.0,0.0,0.0,285.0,20.9,0.0,0.0,340.0,2.2,286.0,34.9,464.0,42.5,16.0,390.0,14.0,0.0,189.0,455.0,0.0,0.0,0.0,36.3,MIN,15.0,390.0,18,6,28,7
Olamide Zaccheaus,WR,275.2,3.0,0.0,0.0,1.8,0.1,24.9,0.1,0.0,0.0,153.0,33.4,0.0,0.0,281.3,4.9,149.0,53.4,342.0,59.8,14.0,378.0,20.0,1.0,274.0,343.0,1.0,0.0,0.0,54.9,ATL,14.0,376.0,8,12,10,5
Parris Campbell,WR,183.6,4.3,0.0,0.0,3.0,0.0,35.5,1.0,0.0,8.0,79.0,8.7,0.0,0.0,182.0,7.3,75.0,14.7,173.0,28.1,10.0,261.0,6.0,0.0,71.0,173.0,2.0,0.0,16.0,27.3,IND,10.0,262.0,9,2,31,3
Pat Freiermuth,TE,311.6,0.0,0.0,0.0,0.0,0.0,0.0,0.0,0.0,0.0,142.0,0.0,0.0,0.0,299.1,0.0,95.0,0.0,345.0,50.2,14.0,388.0,0.0,0.0,0.0,350.0,0.0,0.0,0.0,43.1,PIT,14.0,389.0,3,5,8,2
Patrick Mahomes II,QB,24.1,25.4,2.5,316.0,0.0,0.0,0.0,4.1,0.1,20.5,17.0,380.4,38.0,4740.0,24.6,25.4,13.0,380.4,25.0,10.7,4.0,56.0,0.0,0.0,0.0,22.0,62.0,2.0,308.0,10.4,KC,4.0,56.0,20,19,17,0
Patrick Ricard,RB,377.0,0.5,0.0,0.0,0.6,0.1,3.0,0.1,0.0,-0.1,368.0,8.0,0.0,0.0,332.0,1.1,296.0,17.0,490.0,36.0,16.0,368.0,9.0,1.0,45.0,507.0,1.0,0.0,-1.0,9.0,BAL,16.0,386.0,14,12,17,4
Peyton Barber,RB,322.2,3.2,0.0,0.0,0.3,0.0,0.8,5.9,0.3,16.1,238.0,51.0,0.0,0.0,345.8,3.4,265.0,55.0,369.0,24.0,14.0,388.0,4.0,0.0,12.0,353.0,94.0,4.0,258.0,23.9,WAS,14.0,380.0,18,18,11,5
Philadelphia Eagles,DEF,256.0,6.3,0.0,0.0,0.0,0.0,0.0,0.0,0.0,0.0,145.0,101.0,0.0,0.0,257.1,6.3,140.0,101.0,255.0,25.7,12.0,321.0,0.0,0.0,0.0,256.0,0.0,0.0,0.0,27.2,PHI,12.0,315.0,5,1,28,0
Phillip Lindsay,RB,139.2,5.4,0.0,0.0,0.6,0.0,2.5,10.7,0.1,45.6,93.0,59.0,0.0,0.0,145.3,6.0,104.0,66.0,136.0,19.7,9.0,199.0,7.0,0.0,28.0,136.0,118.0,1.0,502.0,21.9,HOU,9.0,237.0,17,24,4,2
Pittsburgh Steelers,DEF,147.4,8.7,0.0,0.0,0.0,0.0,0.0,0.0,0.0,0.0,83.0,148.0,0.0,0.0,148.5,8.7,69.0,148.0,151.0,17.1,9.0,234.0,0.0,0.0,0.0,148.0,0.0,0.0,0.0,15.6,PIT,9.0,234.0,29,24,22,0
Pooka Williams Jr.,RB,330.0,0.0,0.0,0.0,0.0,0.0,0.0,0.0,0.0,0.0,329.0,0.0,0.0,0.0,333.2,0.0,310.0,0.0,448.0,21.9,15.0,371.0,0.0,0.0,0.0,490.0,0.0,0.0,0.0,1.0,CIN,16.0,331.0,10,7,23,0
Preston Williams,WR,253.9,7.1,0.0,0.0,2.3,0.5,36.0,0.0,0.0,0.0,141.0,56.8,0.0,0.0,261.4,9.3,152.0,74.8,273.0,40.7,12.0,378.0,18.0,4.0,288.0,268.0,0.0,0.0,0.0,45.1,MIA,12.0,373.0,20,4,29,4
Qadree Ollison,RB,273.0,0.1,0.0,0.0,0.0,0.0,0.0,0.3,0.0,1.0,57.0,0.3,0.0,0.0,279.4,0.1,170.0,0.3,366.0,63.9,14.0,388.0,0.0,0.0,0.0,359.0,1.0,0.0,3.0,75.9,ATL,14.0,387.0,21,28,6,3
Quintez Cephus,WR,291.2,3.6,0.0,0.0,1.5,0.2,26.8,0.0,0.0,0.0,166.0,46.9,0.0,0.0,287.1,5.1,167.0,66.9,297.0,30.4,13.0,365.0,20.0,2.0,349.0,298.0,0.0,0.0,0.0,28.8,DET,13.0,362.0,23,30,6,4
Raheem Mostert,RB,79.1,10.5,0.0,0.0,2.0,0.1,19.5,13.0,0.3,65.1,47.0,83.7,0.0,0.0,86.2,12.5,57.0,99.7,82.0,18.6,7.0,168.0,16.0,1.0,156.0,71.0,104.0,2.0,521.0,15.7,SF,7.0,144.0,7,10,14,1
Randall Cobb,WR,234.6,6.2,0.0,0.0,3.8,0.3,44.1,0.0,0.0,0.0,99.0,62.1,0.0,0.0,225.3,10.0,86.0,100.1,225.0,42.0,11.0,369.0,38.0,3.0,441.0,237.0,0.0,0.0,0.0,40.9,GB,12.0,370.0,29,29,19,2
Randy Bullock,K,318.7,8.3,0.0,0.0,0.0,0.0,0.0,0.0,0.0,0.0,130.0,100.0,0.0,0.0,318.7,8.3,116.0,100.0,375.0,19.8,14.0,353.0,0.0,0.0,0.0,372.0,0.0,0.0,0.0,25.6,DET,14.0,353.0,1,8,2,0
Rashaad Penny,RB,161.9,1.1,0.0,0.0,0.0,0.0,0.0,3.7,0.0,11.3,59.0,3.4,0.0,0.0,172.5,1.1,59.0,3.4,165.0,29.1,10.0,280.0,0.0,0.0,0.0,158.0,11.0,0.0,34.0,29.8,SEA,10.0,283.0,24,30,9,2
Rashard Higgins,WR,267.9,6.5,0.0,0.0,2.8,0.3,46.1,0.0,0.0,0.0,138.0,83.9,0.0,0.0,275.9,9.3,140.0,120.9,285.0,30.8,13.0,374.0,37.0,4.0,599.0,275.0,0.0,0.0,0.0,33.3,CLE,12.0,385.0,32,31,24,3
Rashod Bateman,WR,163.4,0.0,0.0,0.0,0.0,0.0,0.0,0.0,0.0,0.0,62.0,0.0,0.0,0.0,169.7,0.0,72.0,0.0,164.0,42.4,10.0,317.0,0.0,0.0,0.0,161.0,0.0,0.0,0.0,44.9,BAL,10.0,306.0,15,18,16,2
Raymond Calais,RB,340.0,0.0,0.0,0.0,0.0,0.0,0.0,0.0,0.0,0.0,182.0,0.0,0.0,0.0,345.8,0.0,185.0,0.0,430.0,34.5,15.0,392.0,0.0,0.0,0.0,426.0,0.0,0.0,0.0,31.2,LAR,15.0,382.0,1,5,10,3
Rex Burkhead,RB,309.6,8.3,0.0,0.0,2.5,0.3,19.2,6.7,0.3,27.4,170.0,82.6,0.0,0.0,301.1,10.8,170.0,107.6,316.0,30.8,13.0,386.0,25.0,3.0,192.0,323.0,67.0,3.0,274.0,28.6,HOU,13.0,380.0,17,24,4,4
Rhamondre Stevenson,RB,240.6,0.0,0.0,0.0,0.0,0.0,0.0,0.0,0.0,0.0,132.0,0.0,0.0,0.0,247.9,0.0,143.0,0.0,261.0,53.1,12.0,366.0,0.0,0.0,0.0,255.0,0.0,0.0,0.0,52.7,NE,12.0,358.0,22,4,31,4
Richard Rodgers,TE,333.5,3.3,0.0,0.0,1.7,0.1,24.6,0.0,0.0,0.0,229.0,46.5,0.0,0.0,358.2,5.0,229.0,70.5,472.0,34.4,16.0,391.0,24.0,2.0,345.0,437.0,0.0,0.0,0.0,41.5,PHI,15.0,385.0,11,3,31,0
Richie James Jr.,WR,358.6,3.8,0.0,0.0,2.1,0.1,35.8,0.0,0.0,0.0,327.0,41.4,0.0,0.0,366.5,5.9,262.0,64.4,474.0,16.2,16.0,396.0,23.0,1.0,394.0,475.0,0.0,0.0,0.0,22.0,SF,16.0,395.0,1,9,2,0
Rob Gronkowski,TE,129.3,6.5,0.0,0.0,2.8,0.4,38.9,0.0,0.0,0.0,69.0,104.3,0.0,0.0,152.0,9.3,58.0,149.3,139.0,26.9,9.0,273.0,45.0,7.0,623.0,125.0,0.0,0.0,0.0,23.4,TB,9.0,258.0,14,23,7,1
Robbie Gould,K,229.6,7.1,0.0,0.0,0.0,0.0,0.0,0.0,0.0,0.0,110.0,106.0,0.0,0.0,229.9,7.1,96.0,106.0,222.0,15.7,11.0,288.0,0.0,0.0,0.0,227.0,0.0,0.0,0.0,15.5,SF,11.0,287.0,17,21,10,0
Robby Anderson,WR,80.0,8.1,0.0,0.0,5.9,0.2,68.5,0.3,0.0,0.9,48.0,129.2,0.0,0.0,73.6,14.0,41.0,224.2,70.0,13.3,7.0,146.0,95.0,3.0,1096.0,74.0,4.0,0.0,15.0,12.3,CAR,7.0,144.0,5,7,7,2
Robert Tonyan,TE,89.9,7.8,0.0,0.0,3.3,0.7,36.6,0.0,0.0,0.0,53.0,124.6,0.0,0.0,104.6,11.0,53.0,176.6,103.0,17.9,8.0,148.0,52.0,11.0,586.0,87.0,0.0,0.0,0.0,19.0,GB,7.0,142.0,27,28,6,1
Robert Woods,WR,41.2,9.7,0.0,0.0,5.6,0.4,58.5,1.5,0.1,9.7,29.0,155.1,0.0,0.0,34.4,15.3,21.0,245.1,31.0,4.8,4.0,64.0,90.0,6.0,936.0,42.0,24.0,2.0,155.0,6.4,LAR,5.0,79.0,3,5,4,1
Rodrigo Blankenship,K,224.3,9.4,0.0,0.0,0.0,0.0,0.0,0.0,0.0,0.0,123.0,150.0,0.0,0.0,224.2,9.4,109.0,150.0,215.0,22.4,11.0,309.0,0.0,0.0,0.0,221.0,0.0,0.0,0.0,22.0,IND,11.0,309.0,28,3,31,0
Ronald Jones II,RB,82.5,11.3,0.0,0.0,2.0,0.1,11.8,13.7,0.5,69.9,51.0,158.3,0.0,0.0,92.9,13.3,57.0,186.3,90.0,17.7,7.0,152.0,28.0,1.0,165.0,78.0,192.0,7.0,978.0,14.3,TB,7.0,149.0,32,32,24,0
Rondale Moore,WR,202.1,0.0,0.0,0.0,0.0,0.0,0.0,0.0,0.0,0.0,111.0,0.0,0.0,0.0,194.6,0.0,101.0,0.0,188.0,46.1,10.0,315.0,0.0,0.0,0.0,198.0,0.0,0.0,0.0,44.6,ARI,11.0,333.0,11,13,15,4
Royce Freeman,RB,340.1,1.6,0.0,0.0,0.8,0.0,5.1,2.2,0.0,10.6,264.0,25.1,0.0,0.0,333.8,2.3,283.0,37.1,382.0,21.0,14.0,392.0,12.0,0.0,81.0,383.0,35.0,0.0,170.0,25.9,DEN,14.0,393.0,3,14,1,3
Russell Gage,WR,174.4,6.8,0.0,0.0,4.5,0.3,49.1,0.1,0.0,0.6,81.0,109.06,0.0,0.0,155.3,11.3,72.0,181.06,150.0,40.6,9.0,276.0,72.0,4.0,786.0,166.0,2.0,0.0,9.0,38.4,ATL,10.0,276.0,8,12,10,2
Russell Wilson,QB,70.5,23.3,2.5,263.3,0.0,0.0,0.0,5.2,0.1,32.1,43.0,372.78,40.0,4212.0,71.0,23.3,51.0,372.78,66.0,9.1,6.0,117.0,0.0,0.0,0.0,66.0,83.0,2.0,513.0,9.4,SEA,6.0,117.0,32,31,27,1
Ryan Fitzpatrick,QB,150.5,16.1,1.3,209.1,0.0,0.0,0.0,3.0,0.2,15.1,82.0,160.74,13.0,2091.0,150.4,16.2,68.0,161.74,140.0,33.2,9.0,320.0,0.0,0.0,0.0,139.0,30.0,2.0,151.0,33.0,WAS,9.0,320.0,12,9,12,1
Ryan Griffin,TE,360.3,0.6,0.0,0.0,0.6,0.0,5.7,0.0,0.0,0.0,305.0,8.6,0.0,0.0,364.1,1.2,304.0,17.6,446.0,19.1,15.0,389.0,9.0,0.0,86.0,431.0,0.0,0.0,0.0,13.4,NYJ,15.0,389.0,9,9,15,2
Ryan Succop,K,238.1,9.1,0.0,0.0,0.0,0.0,0.0,0.0,0.0,0.0,119.0,145.0,0.0,0.0,239.2,9.1,105.0,145.0,235.0,22.1,12.0,288.0,0.0,0.0,0.0,235.0,0.0,0.0,0.0,22.7,TB,12.0,287.0,31,29,25,0
Ryan Tannehill,QB,92.9,21.9,2.1,238.7,0.0,0.0,0.0,2.7,0.4,16.6,65.0,350.36,33.0,3819.0,92.9,22.0,53.0,351.36,89.0,11.8,7.0,154.0,0.0,0.0,0.0,90.0,43.0,7.0,266.0,12.2,TEN,7.0,153.0,26,23,22,1
Ryquell Armstead,RB,310.8,0.0,0.0,0.0,0.0,0.0,0.0,0.0,0.0,0.0,306.0,0.0,0.0,0.0,335.6,0.0,320.0,0.0,451.0,18.8,15.0,371.0,0.0,0.0,0.0,440.0,0.0,0.0,0.0,6.0,FA,15.0,321.0,33,33,33,0
Sage Surratt,WR,321.5,0.0,0.0,0.0,0.0,0.0,0.0,0.0,0.0,0.0,268.0,0.0,0.0,0.0,349.3,0.0,296.0,0.0,487.0,38.1,16.0,383.0,0.0,0.0,0.0,483.0,0.0,0.0,0.0,53.5,DET,16.0,375.0,23,30,6,7
Salvon Ahmed,RB,186.4,9.7,0.0,0.0,1.8,0.0,10.2,12.5,0.5,53.2,119.0,58.0,0.0,0.0,189.0,11.5,123.0,69.0,185.0,35.3,10.0,386.0,11.0,0.0,61.0,184.0,75.0,3.0,319.0,34.8,MIA,10.0,365.0,11,2,32,2
Sam Darnold,QB,188.9,12.1,0.8,184.0,0.0,0.0,0.0,3.1,0.2,18.1,114.0,145.02,9.0,2208.0,189.5,12.1,114.0,145.02,182.0,41.5,10.0,319.0,0.0,0.0,0.0,176.0,37.0,2.0,217.0,41.1,CAR,10.0,320.0,8,17,5,1
Sam Ficken,K,322.8,6.0,0.0,0.0,0.0,0.0,0.0,0.0,0.0,0.0,252.0,54.0,0.0,0.0,321.6,6.0,252.0,54.0,421.0,21.8,15.0,353.0,0.0,0.0,0.0,420.0,0.0,0.0,0.0,22.4,TEN,15.0,353.0,30,32,3,0
Sam Sloman,K,315.7,6.9,0.0,0.0,0.0,0.0,0.0,0.0,0.0,0.0,129.0,55.0,0.0,0.0,314.9,6.9,115.0,55.0,362.0,20.4,14.0,342.0,0.0,0.0,0.0,367.0,0.0,0.0,0.0,15.0,PIT,14.0,335.0,4,7,15,0
Samaje Perine,RB,257.7,3.4,0.0,0.0,0.7,0.0,4.1,3.9,0.2,18.8,137.0,54.7,0.0,0.0,259.3,4.1,139.0,65.7,295.0,60.4,13.0,356.0,11.0,0.0,66.0,293.0,63.0,3.0,301.0,64.7,CIN,13.0,386.0,10,7,23,2
Sammy Watkins,WR,224.0,5.1,0.0,0.0,3.7,0.2,42.1,0.1,0.0,0.3,88.0,51.4,0.0,0.0,225.1,8.8,96.0,88.4,221.0,29.3,11.0,338.0,37.0,2.0,421.0,216.0,1.0,0.0,3.0,29.9,BAL,11.0,339.0,15,18,16,3
San Francisco 49ers,DEF,171.6,5.5,0.0,0.0,0.0,0.0,0.0,0.0,0.0,0.0,93.0,88.0,0.0,0.0,172.7,5.5,79.0,88.0,169.0,18.3,10.0,225.0,0.0,0.0,0.0,170.0,0.0,0.0,0.0,17.7,SF,10.0,225.0,14,7,25,0
Saquon Barkley,RB,7.4,4.7,0.0,0.0,3.0,0.0,30.0,9.5,0.0,17.0,2.0,9.4,0.0,0.0,7.6,7.7,2.0,15.4,7.0,4.7,2.0,52.0,6.0,0.0,60.0,8.0,19.0,0.0,34.0,3.9,NYG,2.0,57.0,31,31,15,1
Scotty Miller,WR,296.2,4.3,0.0,0.0,2.1,0.2,31.3,0.2,0.0,0.9,210.0,69.5,0.0,0.0,303.0,6.4,222.0,102.5,314.0,27.6,13.0,390.0,33.0,3.0,501.0,305.0,3.0,0.0,14.0,30.4,TB,13.0,383.0,19,15,21,0
Seattle Seahawks,DEF,238.5,6.4,0.0,0.0,0.0,0.0,0.0,0.0,0.0,0.0,159.0,103.0,0.0,0.0,240.5,6.4,165.0,103.0,238.0,18.0,12.0,303.0,0.0,0.0,0.0,238.0,0.0,0.0,0.0,19.2,SEA,12.0,303.0,30,28,19,0
Shi Smith,WR,321.5,0.0,0.0,0.0,0.0,0.0,0.0,0.0,0.0,0.0,310.0,0.0,0.0,0.0,356.3,0.0,315.0,0.0,495.0,30.1,16.0,386.0,0.0,0.0,0.0,484.0,0.0,0.0,0.0,11.5,CAR,16.0,333.0,5,7,7,7
Sony Michel,RB,182.4,7.6,0.0,0.0,0.8,0.1,12.7,8.8,0.1,49.9,112.0,68.3,0.0,0.0,204.6,8.4,144.0,75.3,198.0,38.4,11.0,354.0,7.0,1.0,114.0,177.0,79.0,1.0,449.0,30.0,NE,10.0,327.0,22,4,31,2
Stefon Diggs,WR,13.9,12.6,0.0,0.0,7.9,0.5,95.9,0.1,0.0,0.1,10.0,201.6,0.0,0.0,10.3,20.5,5.0,328.6,9.0,3.0,2.0,24.0,127.0,8.0,1535.0,12.0,1.0,0.0,1.0,3.4,BUF,3.0,25.0,16,16,18,1
Stephen Gostkowski,K,303.1,7.9,0.0,0.0,0.0,0.0,0.0,0.0,0.0,0.0,126.0,119.0,0.0,0.0,302.3,7.9,112.0,119.0,312.0,20.6,13.0,342.0,0.0,0.0,0.0,312.0,0.0,0.0,0.0,17.5,FA,13.0,342.0,33,33,33,0
Sterling Shepard,WR,176.8,8.0,0.0,0.0,5.5,0.3,54.7,0.5,0.1,4.1,99.0,96.5,0.0,0.0,154.4,13.5,101.0,162.5,149.0,35.8,9.0,337.0,66.0,3.0,656.0,169.0,6.0,1.0,49.0,33.5,NYG,10.0,354.0,13,17,12,2
Steven Sims Jr.,WR,311.5,2.5,0.0,0.0,2.3,0.1,22.1,0.1,0.0,1.5,247.0,30.3,0.0,0.0,309.8,4.8,262.0,57.3,367.0,29.1,14.0,375.0,27.0,1.0,265.0,364.0,1.0,0.0,18.0,28.9,WAS,14.0,372.0,14,25,1,0
Stevie Scott III,RB,348.0,0.0,0.0,0.0,0.0,0.0,0.0,0.0,0.0,0.0,313.0,0.0,0.0,0.0,367.2,0.0,282.0,0.0,476.0,24.9,16.0,392.0,0.0,0.0,0.0,472.0,0.0,0.0,0.0,23.6,NO,16.0,378.0,25,21,22,0
T.J. Hockenson,TE,55.5,6.8,0.0,0.0,4.2,0.4,45.2,0.1,0.0,0.0,26.0,108.3,0.0,0.0,52.9,11.0,18.0,175.3,50.0,10.7,6.0,127.0,67.0,6.0,723.0,54.0,1.0,0.0,0.0,12.3,DET,6.0,133.0,21,24,13,1
T.Y. Hilton,WR,133.4,7.2,0.0,0.0,3.7,0.3,50.8,0.0,0.0,0.0,49.0,108.2,0.0,0.0,140.2,10.9,88.0,164.2,134.0,24.6,9.0,231.0,56.0,5.0,762.0,127.0,0.0,0.0,0.0,23.0,IND,9.0,229.0,9,2,31,1
Tajae Sharpe,WR,344.0,0.0,0.0,0.0,0.0,0.0,0.0,0.0,0.0,0.0,316.0,0.0,0.0,0.0,343.5,0.0,314.0,0.0,497.0,29.5,16.0,373.0,0.0,0.0,0.0,496.0,0.0,0.0,0.0,28.0,ATL,16.0,372.0,8,12,10,4
Tampa Bay Buccaneers,DEF,177.4,7.3,0.0,0.0,0.0,0.0,0.0,0.0,0.0,0.0,139.0,117.0,0.0,0.0,178.5,7.3,139.0,117.0,179.0,24.8,10.0,243.0,0.0,0.0,0.0,175.0,0.0,0.0,0.0,25.0,TB,10.0,243.0,19,15,26,0
Tarik Cohen,RB,164.7,3.8,0.0,0.0,2.0,0.0,13.7,4.7,0.0,24.7,98.0,11.5,0.0,0.0,128.3,5.8,84.0,17.5,124.0,31.8,9.0,237.0,6.0,0.0,41.0,154.0,14.0,0.0,74.0,41.0,CHI,10.0,312.0,8,13,7,2
Taylor Heinicke,QB,363.4,11.7,1.0,137.0,0.0,0.0,0.0,3.0,0.0,22.0,298.0,11.68,1.0,137.0,361.7,11.7,298.0,11.68,438.0,27.0,15.0,397.0,0.0,0.0,0.0,438.0,3.0,0.0,22.0,26.5,WAS,15.0,397.0,12,9,12,2
Taysom Hill,QB,261.8,9.4,0.3,58.0,0.0,0.0,0.0,5.4,0.5,28.6,88.0,150.62,4.0,928.0,259.9,9.9,88.0,158.62,251.0,64.9,12.0,355.0,0.0,0.0,0.0,251.0,87.0,8.0,457.0,65.5,NO,12.0,361.0,10,13,10,2
Teddy Bridgewater,QB,286.6,16.8,1.0,248.9,0.0,0.0,0.0,3.5,0.3,18.6,135.0,252.26,15.0,3733.0,284.6,16.8,121.0,252.26,277.0,48.7,12.0,364.0,0.0,0.0,0.0,283.0,53.0,5.0,279.0,47.3,DEN,12.0,364.0,6,12,4,1
Tee Higgins,WR,56.8,8.0,0.0,0.0,4.2,0.4,56.8,0.3,0.0,1.8,32.0,127.6,0.0,0.0,55.8,12.2,32.0,194.6,55.0,10.0,6.0,88.0,67.0,6.0,908.0,55.0,5.0,0.0,28.0,8.9,CIN,6.0,89.0,24,20,22,2
Tennessee Titans,DEF,273.5,3.9,0.0,0.0,0.0,0.0,0.0,0.0,0.0,0.0,164.0,66.0,0.0,0.0,273.9,3.9,152.0,66.0,270.0,20.3,12.0,309.0,0.0,0.0,0.0,272.0,0.0,0.0,0.0,20.3,TEN,12.0,314.0,28,30,12,0
Terrace Marshall Jr.,WR,232.2,0.0,0.0,0.0,0.0,0.0,0.0,0.0,0.0,0.0,151.0,0.0,0.0,0.0,230.3,0.0,141.0,0.0,231.0,44.7,11.0,343.0,0.0,0.0,0.0,236.0,0.0,0.0,0.0,44.1,CAR,12.0,355.0,5,7,7,0
Terry McLaurin,WR,29.6,9.1,0.0,0.0,5.8,0.3,74.5,0.1,0.0,2.0,23.0,136.8,0.0,0.0,28.2,14.9,16.0,223.8,27.0,3.9,4.0,39.0,87.0,4.0,1118.0,27.0,2.0,0.0,30.0,3.9,WAS,4.0,51.0,14,25,1,1
Tevin Coleman,RB,160.7,1.1,0.0,0.0,0.5,0.0,4.3,3.5,0.0,6.6,89.0,8.7,0.0,0.0,171.1,1.6,98.0,12.7,162.0,34.7,10.0,283.0,4.0,0.0,34.0,156.0,28.0,0.0,53.0,33.7,NYJ,10.0,274.0,20,17,18,2
Tim Patrick,WR,247.6,7.3,0.0,0.0,3.4,0.4,49.5,0.0,0.0,0.0,189.0,110.2,0.0,0.0,248.1,10.7,185.0,161.2,253.0,33.6,12.0,377.0,51.0,6.0,742.0,250.0,0.0,0.0,0.0,33.3,DEN,12.0,373.0,21,26,8,3
Tim Tebow,TE,327.7,0.0,0.0,0.0,0.0,0.0,0.0,0.0,0.0,0.0,139.0,0.0,0.0,0.0,317.4,0.0,133.0,0.0,437.0,33.3,15.0,354.0,0.0,0.0,0.0,428.0,0.0,0.0,0.0,34.5,JAC,15.0,376.0,15,25,2,2
Todd Gurley II,RB,275.6,9.2,0.0,0.0,1.7,0.0,10.9,13.0,0.6,45.2,98.0,138.2,0.0,0.0,283.2,10.9,119.0,163.2,315.0,62.8,13.0,388.0,25.0,0.0,164.0,307.0,195.0,9.0,678.0,64.2,FA,13.0,379.0,33,33,33,0
Tom Brady,QB,90.5,21.9,2.5,289.6,0.0,0.0,0.0,1.9,0.2,0.4,60.0,349.92,40.0,4633.0,90.9,21.9,60.0,349.92,86.0,11.9,7.0,150.0,0.0,0.0,0.0,88.0,30.0,3.0,6.0,11.8,TB,7.0,150.0,24,25,19,1
Tommy Tremble,TE,351.8,0.0,0.0,0.0,0.0,0.0,0.0,0.0,0.0,0.0,260.0,0.0,0.0,0.0,349.5,0.0,236.0,0.0,456.0,16.1,15.0,371.0,0.0,0.0,0.0,461.0,0.0,0.0,0.0,13.5,CAR,15.0,371.0,5,19,1,2
Tony Pollard,RB,127.7,5.8,0.0,0.0,1.8,0.1,12.1,6.3,0.3,27.2,89.0,92.8,0.0,0.0,124.8,7.5,76.0,120.8,120.0,18.6,9.0,219.0,28.0,1.0,193.0,123.0,101.0,4.0,435.0,16.1,DAL,9.0,219.0,26,19,25,2
Travis Etienne,RB,75.8,0.0,0.0,0.0,0.0,0.0,0.0,0.0,0.0,0.0,27.0,0.0,0.0,0.0,58.7,0.0,14.0,0.0,57.0,23.7,6.0,182.0,0.0,0.0,0.0,67.0,0.0,0.0,0.0,33.3,JAC,7.0,295.0,9,23,2,1
Travis Fulgham,WR,300.6,6.0,0.0,0.0,2.9,0.3,41.5,0.0,0.0,0.0,194.0,77.9,0.0,0.0,298.3,8.9,189.0,115.9,304.0,31.6,13.0,377.0,38.0,4.0,539.0,302.0,0.0,0.0,0.0,32.7,PHI,13.0,383.0,17,3,32,4
Travis Homer,RB,358.6,2.6,0.0,0.0,1.0,0.1,10.0,2.8,0.0,9.8,235.0,23.8,0.0,0.0,344.8,3.6,235.0,32.8,434.0,28.2,15.0,392.0,9.0,1.0,90.0,474.0,25.0,0.0,88.0,23.0,SEA,16.0,388.0,24,30,9,5
Travis Kelce,TE,16.5,13.9,0.0,0.0,7.0,0.7,94.4,0.0,0.0,0.0,7.0,207.76,0.0,0.0,16.2,20.9,5.0,312.76,15.0,2.8,3.0,43.0,105.0,11.0,1416.0,14.0,0.0,0.0,0.0,1.9,KC,3.0,22.0,23,20,20,1
Trayveon Williams,RB,359.5,1.7,0.0,0.0,0.5,0.0,3.0,2.6,0.0,15.7,310.0,16.7,0.0,0.0,362.6,2.2,310.0,21.7,478.0,9.7,16.0,377.0,5.0,0.0,30.0,482.0,26.0,0.0,157.0,29.4,CIN,16.0,382.0,10,7,23,4
Tre'Quan Smith,WR,165.7,4.9,0.0,0.0,2.4,0.3,32.0,0.1,0.0,0.2,72.0,69.1,0.0,0.0,175.6,7.4,78.0,103.1,168.0,51.7,10.0,288.0,34.0,4.0,448.0,157.0,1.0,0.0,3.0,53.9,NO,10.0,298.0,6,11,5,1
Trenton Cannon,RB,342.0,0.4,0.0,0.0,0.2,0.0,1.1,0.7,0.0,2.4,316.0,4.9,0.0,0.0,296.0,0.6,195.0,7.9,452.0,72.5,15.0,362.0,3.0,0.0,16.0,494.0,10.0,0.0,33.0,26.0,CAR,16.0,368.0,27,20,26,5
Trevor Lawrence,QB,125.7,0.0,0.0,0.0,0.0,0.0,0.0,0.0,0.0,0.0,78.0,0.0,0.0,0.0,126.0,0.0,65.0,0.0,121.0,30.7,9.0,334.0,0.0,0.0,0.0,122.0,0.0,0.0,0.0,30.4,JAC,9.0,334.0,2,10,2,1
Trey Burton,TE,360.3,4.3,0.0,0.0,2.2,0.2,19.2,0.2,0.2,0.2,335.0,55.3,0.0,0.0,361.3,6.4,335.0,83.3,467.0,12.4,16.0,383.0,28.0,3.0,250.0,464.0,2.0,2.0,3.0,12.5,FA,16.0,383.0,33,33,33,0
Trey Lance,QB,212.5,0.0,0.0,0.0,0.0,0.0,0.0,0.0,0.0,0.0,103.0,0.0,0.0,0.0,214.5,0.0,103.0,0.0,203.0,72.5,11.0,359.0,0.0,0.0,0.0,202.0,0.0,0.0,0.0,71.8,SF,11.0,359.0,3,20,1,2
Trey Sermon,RB,102.1,0.0,0.0,0.0,0.0,0.0,0.0,0.0,0.0,0.0,20.0,0.0,0.0,0.0,106.7,0.0,40.0,0.0,110.0,41.9,8.0,364.0,0.0,0.0,0.0,106.0,0.0,0.0,0.0,50.1,SF,8.0,379.0,7,10,14,2
Tua Tagovailoa,QB,148.5,14.0,1.1,181.4,0.0,0.0,0.0,3.6,0.3,10.9,87.0,140.46,11.0,1814.0,149.1,14.0,73.0,140.46,138.0,33.6,9.0,283.0,0.0,0.0,0.0,137.0,36.0,3.0,109.0,31.0,MIA,9.0,283.0,7,3,29,1
Tucker McCann,K,319.7,0.0,0.0,0.0,0.0,0.0,0.0,0.0,0.0,0.0,221.0,0.0,0.0,0.0,318.9,0.0,221.0,0.0,404.0,21.1,15.0,353.0,0.0,0.0,0.0,405.0,0.0,0.0,0.0,20.2,TEN,15.0,353.0,30,32,3,0
Tutu Atwell,WR,342.3,0.0,0.0,0.0,0.0,0.0,0.0,0.0,0.0,0.0,222.0,0.0,0.0,0.0,342.7,0.0,222.0,0.0,383.0,38.2,14.0,396.0,0.0,0.0,0.0,390.0,0.0,0.0,0.0,39.2,LAR,14.0,395.0,3,5,4,5
Ty Johnson,RB,273.0,3.6,0.0,0.0,1.2,0.1,7.6,4.2,0.1,19.5,132.0,47.3,0.0,0.0,263.7,4.9,126.0,63.3,278.0,53.3,12.0,363.0,16.0,1.0,99.0,286.0,54.0,1.0,254.0,54.3,NYJ,12.0,383.0,20,17,18,4
Ty Montgomery,RB,352.5,2.1,0.0,0.0,0.5,0.0,4.5,3.2,0.0,16.8,325.0,12.8,0.0,0.0,333.0,2.6,321.0,15.8,458.0,12.7,15.0,352.0,3.0,0.0,27.0,476.0,19.0,0.0,101.0,16.1,NO,16.0,364.0,25,21,22,3
Tylan Wallace,WR,339.3,0.0,0.0,0.0,0.0,0.0,0.0,0.0,0.0,0.0,226.0,0.0,0.0,0.0,343.4,0.0,231.0,0.0,400.0,39.1,15.0,394.0,0.0,0.0,0.0,396.0,0.0,0.0,0.0,37.4,BAL,15.0,394.0,15,18,16,5
Tyler Bass,K,234.9,9.8,0.0,0.0,0.0,0.0,0.0,0.0,0.0,0.0,133.0,157.0,0.0,0.0,235.3,9.8,119.0,157.0,227.0,35.2,11.0,345.0,0.0,0.0,0.0,231.0,0.0,0.0,0.0,35.4,BUF,11.0,346.0,32,31,22,0
Tyler Boyd,WR,89.0,7.6,0.0,0.0,5.3,0.3,56.1,0.3,0.0,3.3,53.0,113.64,0.0,0.0,75.1,12.8,48.0,192.64,71.0,12.5,7.0,137.0,79.0,4.0,841.0,84.0,5.0,0.0,49.0,14.2,CIN,7.0,157.0,24,20,22,3
Tyler Conklin,TE,319.6,1.6,0.0,0.0,1.2,0.1,12.1,0.0,0.0,0.0,246.0,25.4,0.0,0.0,319.6,2.8,229.0,44.4,380.0,40.7,14.0,391.0,19.0,1.0,194.0,378.0,0.0,0.0,0.0,40.6,MIN,14.0,389.0,28,29,18,2
Tyler Eifert,TE,303.2,3.1,0.0,0.0,2.4,0.1,23.3,0.0,0.0,0.0,258.0,46.9,0.0,0.0,297.9,5.5,236.0,82.9,364.0,31.8,14.0,368.0,36.0,2.0,349.0,363.0,0.0,0.0,0.0,34.3,FA,14.0,394.0,33,33,33,0
Tyler Higbee,TE,105.4,5.6,0.0,0.0,2.9,0.3,34.7,0.1,0.0,0.1,63.0,84.2,0.0,0.0,108.9,8.5,53.0,128.2,108.0,22.9,8.0,175.0,44.0,5.0,521.0,103.0,1.0,0.0,1.0,23.9,LAR,8.0,191.0,30,27,25,1
Tyler Johnson,WR,340.0,2.1,0.0,0.0,0.9,0.1,12.1,0.0,0.0,0.0,262.0,28.9,0.0,0.0,339.7,2.9,263.0,40.9,389.0,34.3,14.0,385.0,12.0,2.0,169.0,388.0,0.0,0.0,0.0,36.3,TB,14.0,390.0,19,15,21,4
Tyler Kroft,TE,330.5,3.0,0.0,0.0,1.2,0.3,11.9,0.0,0.0,0.0,163.0,29.9,0.0,0.0,349.4,4.2,173.0,41.9,462.0,33.0,15.0,394.0,12.0,3.0,119.0,435.0,0.0,0.0,0.0,33.9,NYJ,15.0,388.0,9,9,15,3
Tyler Lockett,WR,55.2,10.3,0.0,0.0,6.3,0.6,65.9,0.0,0.0,0.0,31.0,165.4,0.0,0.0,47.5,16.6,32.0,265.4,45.0,8.9,5.0,88.0,100.0,10.0,1054.0,53.0,0.0,0.0,0.0,10.3,SEA,6.0,101.0,30,28,26,2
Tyreek Hill,WR,10.6,16.1,0.0,0.0,5.8,1.0,85.1,0.9,0.1,8.2,4.0,241.9,0.0,0.0,9.5,21.9,5.0,328.9,8.0,1.8,2.0,21.0,87.0,15.0,1276.0,10.0,13.0,2.0,123.0,1.6,KC,2.0,24.0,26,23,25,1
Tyrell Williams,WR,234.9,0.0,0.0,0.0,0.0,0.0,0.0,0.0,0.0,0.0,102.0,0.0,0.0,0.0,241.4,0.0,101.0,0.0,252.0,52.4,12.0,368.0,0.0,0.0,0.0,247.0,0.0,0.0,0.0,52.9,DET,12.0,364.0,23,30,6,1
Tyrod Taylor,QB,307.5,4.5,0.0,104.0,0.0,0.0,0.0,3.0,0.0,3.5,158.0,9.02,0.0,208.0,307.3,4.5,158.0,9.02,319.0,52.7,13.0,389.0,0.0,0.0,0.0,319.0,6.0,0.0,7.0,49.2,HOU,13.0,389.0,5,6,8,1
Tyron Johnson,WR,283.3,5.0,0.0,0.0,1.7,0.3,33.2,0.3,0.0,1.4,114.0,59.5,0.0,0.0,292.8,6.6,115.0,79.5,301.0,32.5,13.0,376.0,20.0,3.0,398.0,295.0,3.0,0.0,17.0,33.9,LAC,13.0,370.0,28,24,23,3
Van Jefferson,WR,251.9,1.7,0.0,0.0,1.2,0.1,13.8,0.1,0.0,-0.1,81.0,27.9,0.0,0.0,247.0,2.9,81.0,46.9,250.0,26.7,12.0,301.0,19.0,1.0,220.0,257.0,1.0,0.0,-1.0,27.4,LAR,12.0,306.0,3,5,4,3
Washington Football Team,DEF,172.2,7.9,0.0,0.0,0.0,0.0,0.0,0.0,0.0,0.0,138.0,127.0,0.0,0.0,172.9,7.9,140.0,127.0,175.0,29.1,10.0,279.0,0.0,0.0,0.0,174.0,0.0,0.0,0.0,29.1,WAS,10.0,279.0,9,26,1,0
Wayne Gallman,RB,250.9,7.7,0.0,0.0,1.4,0.0,7.6,9.8,0.4,45.5,149.0,115.6,0.0,0.0,264.4,9.1,150.0,136.6,272.0,43.5,12.0,362.0,21.0,0.0,114.0,258.0,147.0,6.0,682.0,39.1,SF,12.0,344.0,7,10,14,3
Wil Lutz,K,207.1,8.4,0.0,0.0,0.0,0.0,0.0,0.0,0.0,0.0,100.0,135.0,0.0,0.0,207.7,8.4,86.0,135.0,204.0,20.8,11.0,281.0,0.0,0.0,0.0,201.0,0.0,0.0,0.0,20.3,NO,11.0,281.0,26,27,21,0
Will Dissly,TE,299.5,2.3,0.0,0.0,1.5,0.1,15.7,0.0,0.0,0.0,166.0,37.1,0.0,0.0,302.8,3.8,171.0,61.1,338.0,31.6,14.0,351.0,24.0,2.0,251.0,329.0,0.0,0.0,0.0,30.7,SEA,13.0,366.0,32,32,10,2
Will Fuller V,WR,86.4,12.4,0.0,0.0,4.8,0.7,79.9,0.1,0.0,0.0,49.0,135.9,0.0,0.0,85.5,17.2,45.0,188.9,80.0,21.9,7.0,229.0,53.0,8.0,879.0,83.0,1.0,0.0,0.0,22.5,MIA,7.0,240.0,20,4,29,0
Willie Snead IV,WR,363.7,4.7,0.0,0.0,2.5,0.2,33.2,0.0,0.0,0.0,317.0,61.2,0.0,0.0,364.0,7.2,298.0,94.2,463.0,16.3,16.0,390.0,33.0,3.0,432.0,469.0,0.0,0.0,0.0,18.6,LV,16.0,390.0,31,32,17,0
Xavier Jones,RB,220.8,0.0,0.0,0.0,0.0,0.0,0.0,0.0,0.0,0.0,110.0,0.0,0.0,0.0,228.3,0.0,116.0,0.0,327.0,65.9,13.0,385.0,0.0,0.0,0.0,314.0,0.0,0.0,0.0,74.0,LAR,13.0,391.0,1,5,10,2
Younghoe Koo,K,185.1,11.2,0.0,0.0,0.0,0.0,0.0,0.0,0.0,0.0,99.0,168.0,0.0,0.0,185.1,11.2,85.0,168.0,183.0,14.8,10.0,287.0,0.0,0.0,0.0,182.0,0.0,0.0,0.0,14.8,ATL,10.0,287.0,16,20,6,0
Zach Ertz,TE,191.9,3.8,0.0,0.0,3.3,0.1,30.5,0.0,0.0,0.0,63.0,41.5,0.0,0.0,184.1,7.0,53.0,77.5,178.0,37.3,10.0,299.0,36.0,1.0,335.0,183.0,0.0,0.0,0.0,38.2,PHI,10.0,305.0,11,3,31,2
Zach Pascal,WR,273.6,5.8,0.0,0.0,2.8,0.3,39.3,0.0,0.0,0.0,146.0,92.9,0.0,0.0,282.7,8.6,147.0,136.9,292.0,31.0,13.0,390.0,44.0,5.0,629.0,284.0,0.0,0.0,0.0,30.4,IND,12.0,384.0,9,2,31,4
Zach Wilson,QB,213.1,0.0,0.0,0.0,0.0,0.0,0.0,0.0,0.0,0.0,94.0,0.0,0.0,0.0,213.6,0.0,80.0,0.0,201.0,53.8,11.0,367.0,0.0,0.0,0.0,200.0,0.0,0.0,0.0,53.7,NYJ,11.0,367.0,16,8,21,1
Zack Moss,RB,97.7,6.7,0.0,0.0,1.1,0.1,7.3,8.6,0.3,37.0,60.0,87.6,0.0,0.0,103.8,7.8,66.0,101.6,102.0,19.9,8.0,169.0,14.0,1.0,95.0,93.0,112.0,4.0,481.0,16.8,BUF,8.0,150.0,23,22,20,1
Zane Gonzalez,K,258.8,8.2,0.0,0.0,0.0,0.0,0.0,0.0,0.0,0.0,215.0,98.0,0.0,0.0,259.6,8.2,213.0,98.0,310.0,42.3,13.0,332.0,0.0,0.0,0.0,310.0,0.0,0.0,0.0,42.0,FA,13.0,332.0,33,33,33,0
Zay Jones,WR,273.0,1.4,0.0,0.0,0.9,0.1,9.6,0.0,0.0,0.0,261.0,22.56,0.0,0.0,255.5,2.3,241.0,36.56,457.0,14.5,15.0,270.0,14.0,1.0,154.0,456.0,0.0,0.0,0.0,12.0,LV,15.0,285.0,31,32,17,5
