PLAYER NAME,AVG_FAN PTS,AVG_REC,AVG_REC_TDS,AVG_REC_YDS,AVG_RUSH_ATT,AVG_RUSH_TDS,AVG_RUSH_YDS,AVG_TGT,FAN PTS,POS_AVG.,POS_BEST,POS_RK,POS_STD.DEV,POS_TIERS,POS_WORST,PPR_AVG_FAN PTS,PPR_FAN PTS,PPR_POS_AVG.,PPR_POS_BEST,PPR_POS_RK,PPR_POS_STD.DEV,PPR_POS_TIERS,PPR_POS_WORST,REC,REC_TDS,REC_YDS,RUSH_ATT,RUSH_TDS,RUSH_YDS,TEAM,TGT,FULL_SOS,SEASON_SOS,PLAYOFF_SOS,BOOM,BUST,STARTER,PPR_BOOM,PPR_BUST,PPR_STARTER,DEPTH
ADAM THIELEN,7.5,6.1,0.2,59.6,0.1,0.0,0.4,8.1,128.0,68.4,51.0,65.0,7.3,7.0,92.0,13.6,231.0,61.1,44,62,8.3,7,88,103.0,4.0,1014.0,1.0,0.0,6.0,CAR,137.0,17,13,18,13,31,25,19,19,50,2
ADONAI MITCHELL,0.0,0.0,0.0,0.0,0.0,0.0,0.0,0.0,0.0,65.0,44.0,64.0,7.2,7.0,89.0,0.0,0.0,67.2,49,65,8.7,7,109,0.0,0.0,0.0,0.0,0.0,0.0,IND,0.0,22,19,26,0,0,0,0,0,0,3
AINIAS SMITH,0.0,0.0,0.0,0.0,0.0,0.0,0.0,0.0,0.0,125.1,107.0,134.0,10.5,10.0,141.0,0.0,0.0,124.4,105,133,11.2,10,143,0.0,0.0,0.0,0.0,0.0,0.0,PHI,0.0,6,11,7,0,0,0,0,0,0,5
AJ BROWN,10.8,6.2,0.4,85.6,0.0,0.0,0.0,9.3,183.6,5.9,3.0,6.0,0.8,2.0,8.0,17.0,289.6,6.5,5,6,0.7,2,8,106.0,7.0,1456.0,0.0,0.0,0.0,PHI,158.0,6,11,7,19,13,56,19,13,69,1
ALEC PIERCE,3.7,1.9,0.1,30.2,0.0,0.0,0.0,3.8,63.4,96.5,77.0,97.0,12.0,8.0,137.0,5.6,95.4,98.1,80,98,12.2,8,143,32.0,2.0,514.0,0.0,0.0,0.0,IND,65.0,22,19,26,0,69,13,0,75,6,4
ALLEN LAZARD,2.6,1.6,0.1,22.2,0.0,0.0,0.0,3.5,37.1,113.4,88.0,117.0,15.9,9.0,157.0,4.3,60.1,114.9,88,122,16.5,9,158,23.0,1.0,311.0,0.0,0.0,0.0,NYJ,49.0,16,20,12,0,79,7,0,86,7,4
ALLEN ROBINSON,1.6,2.0,0.0,16.5,0.0,0.0,0.0,2.9,28.0,179.0,170.0,198.0,7.3,12.0,188.0,3.6,62.0,171.0,164,193,5.0,11,175,34.0,0.0,280.0,0.0,0.0,0.0,NYG,49.0,4,23,1,0,94,0,0,81,0,5
AMARI COOPER,10.3,4.8,0.3,83.3,0.0,0.0,0.0,8.5,155.0,21.2,12.0,20.0,3.0,4.0,28.0,15.1,227.0,24.0,15,24,3.1,4,31,72.0,5.0,1250.0,0.0,0.0,0.0,CLE,128.0,26,18,30,20,40,40,20,33,53,1
AMON-RA ST BROWN,13.2,7.4,0.6,94.7,0.3,0.0,1.5,10.3,211.9,4.9,2.0,5.0,0.7,1.0,7.0,20.7,330.9,3.5,2,3,0.8,1,6,119.0,10.0,1515.0,4.0,0.0,24.0,DET,164.0,24,30,11,13,7,80,20,7,80,1
ANDREI IOSIVAS,2.2,0.9,0.3,7.3,0.0,0.0,0.0,1.6,35.6,101.4,82.0,101.0,10.6,8.0,134.0,3.2,50.6,101.0,83,101,10.8,8,134,15.0,4.0,116.0,0.0,0.0,0.0,CIN,25.0,27,27,23,0,85,0,0,85,0,4
ANTHONY GOULD,0.0,0.0,0.0,0.0,0.0,0.0,0.0,0.0,0.0,165.0,137.0,171.0,23.8,11.0,195.0,0.0,0.0,161.2,135,171,21.8,11,187,0.0,0.0,0.0,0.0,0.0,0.0,IND,0.0,22,19,26,0,0,0,0,0,0,7
ANTOINE GREEN,0.0,0.1,0.0,0.2,0.0,0.0,0.0,0.2,0.2,163.0,143.0,201.0,20.0,12.0,183.0,0.1,1.2,165.5,144,203,21.5,12,187,1.0,0.0,2.0,0.0,0.0,0.0,DET,2.0,24,30,11,0,100,0,0,100,0,5
AT PERRY,4.9,1.2,0.4,24.6,0.0,0.0,0.0,1.8,48.6,90.1,67.0,86.0,8.7,8.0,111.0,6.1,60.6,94.1,74,90,8.4,8,119,12.0,4.0,246.0,0.0,0.0,0.0,NO,18.0,15,21,10,0,67,11,0,78,0,4
AUSTIN MACK,0.0,0.0,0.0,0.0,0.0,0.0,0.0,0.0,0.0,142.5,114.0,193.0,28.5,11.0,171.0,0.0,0.0,144.0,113,195,31.0,11,175,0.0,0.0,0.0,0.0,0.0,0.0,ATL,0.0,20,8,29,0,0,0,0,0,0,0
AUSTIN TRAMMELL,0.1,0.3,0.0,1.9,0.0,0.0,0.0,0.5,0.9,226.0,207.0,228.0,19.0,13.0,245.0,0.3,4.9,224.5,213,230,11.5,13,236,4.0,0.0,29.0,0.0,0.0,0.0,JAC,7.0,32,31,21,0,100,0,0,100,0,0
BEN SKOWRONEK,0.8,0.5,0.1,3.9,0.1,0.0,0.5,0.7,13.5,220.5,193.0,224.0,27.5,12.0,248.0,1.3,21.5,215.0,191,226,24.0,12,239,8.0,1.0,66.0,2.0,0.0,9.0,HOU,12.0,31,32,16,0,93,0,0,93,0,7
BO MELTON,7.5,4.0,0.3,54.5,0.8,0.0,5.3,6.0,29.9,116.9,97.0,119.0,11.6,9.0,143.0,11.5,45.9,116.4,97,116,12.1,9,144,16.0,1.0,218.0,3.0,0.0,21.0,GB,24.0,5,5,17,0,50,25,0,50,25,5
BRANDIN COOKS,7.5,3.4,0.5,41.1,0.3,0.0,2.2,5.1,119.2,53.9,35.0,54.0,4.7,6.0,65.0,10.8,173.2,55.0,37,55,5.0,6,67,54.0,8.0,657.0,5.0,0.0,35.0,DAL,81.0,1,1,2,7,47,40,7,53,33,2
BRANDON AIYUK,10.9,4.7,0.4,83.9,0.0,0.0,0.0,6.6,174.2,11.6,8.0,11.0,2.6,3.0,20.0,15.6,249.2,14.9,11,14,2.6,3,25,75.0,7.0,1342.0,0.0,0.0,0.0,SF,105.0,2,3,9,20,7,67,13,7,60,1
BRANDON JOHNSON,4.2,1.5,0.3,21.8,0.0,0.0,0.0,2.3,54.4,195.3,155.0,192.0,45.5,11.0,272.0,5.6,73.4,196.8,162,197,40.7,11,265,19.0,4.0,284.0,0.0,0.0,0.0,DEN,30.0,19,28,8,8,75,17,0,75,17,6
BRANDON POWELL,2.2,1.7,0.1,19.1,0.3,0.0,1.0,2.6,38.1,125.7,95.0,135.0,11.3,10.0,146.0,3.9,67.1,122.6,93,135,11.3,10,143,29.0,1.0,324.0,5.0,0.0,17.0,MIN,44.0,10,24,3,0,69,0,0,63,0,3
BRAXTON BERRIOS,1.9,1.7,0.1,14.9,0.1,0.0,0.7,2.1,30.9,143.4,110.0,150.0,16.4,10.0,162.0,3.6,57.9,139.2,106,149,15.8,10,156,27.0,1.0,238.0,1.0,0.0,11.0,MIA,33.0,29,12,32,0,87,7,0,93,7,4
BRENDEN RICE,0.0,0.0,0.0,0.0,0.0,0.0,0.0,0.0,0.0,107.5,86.0,105.0,15.5,9.0,149.0,0.0,0.0,106.0,84,105,15.2,9,143,0.0,0.0,0.0,0.0,0.0,0.0,LAC,0.0,30,25,25,0,0,0,0,0,0,7
BRIAN THOMAS,0.0,0.0,0.0,0.0,0.0,0.0,0.0,0.0,0.0,48.9,34.0,48.0,6.4,6.0,64.0,0.0,0.0,50.0,34,49,9.4,6,102,0.0,0.0,0.0,0.0,0.0,0.0,JAC,0.0,32,31,21,0,0,0,0,0,0,3
BRITAIN COVEY,0.3,0.3,0.0,2.6,0.0,0.0,0.0,0.4,4.2,207.5,157.0,204.0,36.8,12.0,259.0,0.5,8.2,208.0,156,207,34.9,12,252,4.0,0.0,42.0,0.0,0.0,0.0,PHI,6.0,6,11,7,0,100,0,0,100,0,6
BYRON PRINGLE,0.9,0.9,0.0,10.1,0.0,0.0,0.0,1.4,14.1,222.3,187.0,217.0,33.3,12.0,267.0,1.8,28.1,220.3,186,217,30.9,12,261,14.0,0.0,161.0,0.0,0.0,0.0,FA,22.0,33,33,33,0,93,0,0,93,0,0
CALVIN AUSTIN,2.1,1.0,0.1,10.6,0.6,0.1,3.4,1.8,35.7,119.4,94.0,125.0,11.5,9.0,148.0,3.1,52.7,119.4,94,124,11.6,9,147,17.0,1.0,180.0,11.0,1.0,57.0,PIT,30.0,23,26,20,0,88,6,0,88,6,4
CALVIN RIDLEY,9.1,4.5,0.5,59.8,0.5,0.0,1.4,8.0,153.9,33.6,18.0,33.0,4.5,5.0,43.0,13.5,229.9,35.8,19,35,4.6,5,47,76.0,8.0,1016.0,9.0,0.0,23.0,TEN,136.0,28,29,19,13,50,38,13,31,31,2
CASEY WASHINGTON,0.0,0.0,0.0,0.0,0.0,0.0,0.0,0.0,0.0,142.2,130.0,164.0,12.6,11.0,161.0,0.0,0.0,142.6,128,165,13.0,11,158,0.0,0.0,0.0,0.0,0.0,0.0,ATL,0.0,20,8,29,0,0,0,0,0,0,6
CEDRIC TILLMAN,1.7,1.5,0.0,16.0,0.1,0.0,0.6,3.1,23.2,99.6,86.0,99.0,6.8,8.0,124.0,3.2,44.2,98.3,83,99,7.7,8,125,21.0,0.0,224.0,1.0,0.0,8.0,CLE,44.0,26,18,30,0,82,0,0,82,0,5
CEDRICK WILSON,3.2,1.5,0.2,19.7,0.0,0.0,0.0,2.5,47.6,129.1,107.0,136.0,10.2,10.0,146.0,4.6,69.6,131.7,113,138,9.1,10,150,22.0,3.0,296.0,0.0,0.0,0.0,NO,38.0,15,21,10,0,54,0,0,77,0,3
CEEDEE LAMB,15.8,7.9,0.7,102.9,0.8,0.1,6.6,10.6,268.2,1.3,1.0,1.0,0.6,1.0,4.0,23.7,403.2,1.2,1,1,0.5,1,4,135.0,12.0,1749.0,14.0,2.0,113.0,DAL,181.0,1,1,2,31,0,81,44,0,81,1
CHARLIE JONES,1.2,0.6,0.0,5.8,0.2,0.0,1.2,0.8,13.7,138.4,111.0,153.0,13.4,10.0,156.0,1.9,20.7,138.4,111,151,14.0,10,159,7.0,0.0,64.0,2.0,0.0,13.0,CIN,9.0,27,27,23,0,90,0,0,100,0,6
CHASE CLAYPOOL,1.2,0.7,0.1,7.0,0.0,0.0,0.0,1.9,13.7,132.5,119.0,140.0,10.5,10.0,147.0,2.0,21.7,134.4,119,142,10.8,10,149,8.0,1.0,77.0,0.0,0.0,0.0,BUF,21.0,14,15,15,0,90,10,0,90,0,5
CHATARIUS ATWELL,4.6,2.4,0.2,30.2,0.3,0.0,1.9,4.2,73.4,107.9,90.0,112.0,12.7,9.0,152.0,7.0,112.4,108.0,94,112,12.9,9,155,39.0,3.0,483.0,5.0,0.0,31.0,LAR,67.0,11,22,6,0,53,13,0,53,20,4
CHRIS GODWIN,7.4,4.9,0.1,60.2,0.2,0.1,2.2,7.6,126.2,36.8,25.0,37.0,4.9,5.0,50.0,12.3,209.2,32.2,18,33,4.9,5,45,83.0,2.0,1024.0,4.0,1.0,38.0,TB,130.0,21,16,24,0,13,25,6,6,25,2
CHRIS MOORE,2.7,1.3,0.0,24.9,0.1,0.0,2.3,2.1,46.3,136.2,115.0,147.0,13.6,10.0,158.0,4.0,68.3,134.4,114,144,13.9,10,161,22.0,0.0,424.0,2.0,0.0,39.0,ARI,35.0,7,14,5,0,69,0,0,94,0,5
CHRIS OLAVE,9.0,5.4,0.3,70.2,0.0,0.0,0.0,8.6,144.3,14.3,8.0,13.0,2.7,3.0,24.0,14.5,231.3,11.7,9,11,1.9,3,18,87.0,5.0,1123.0,0.0,0.0,0.0,NO,138.0,15,21,10,0,13,53,0,13,60,1
CHRISTIAN KIRK,7.8,4.8,0.3,65.6,0.1,0.0,0.5,7.1,93.3,31.4,22.0,30.0,3.8,5.0,46.0,12.5,150.3,28.5,19,27,4.0,4,44,57.0,3.0,787.0,1.0,0.0,6.0,JAC,85.0,32,31,21,0,17,33,0,17,33,1
CHRISTIAN WATSON,8.1,3.1,0.6,46.9,0.4,0.0,1.2,5.9,73.3,37.5,24.0,39.0,5.0,5.0,50.0,11.3,101.3,44.9,32,44,5.0,6,57,28.0,5.0,422.0,4.0,0.0,11.0,GB,53.0,5,5,17,11,44,22,11,44,22,2
CODY THOMPSON,0.2,0.2,0.0,1.7,0.0,0.0,0.0,0.2,1.0,230.0,216.0,232.0,14.0,13.0,244.0,0.3,2.0,243.0,223,233,20.0,13,263,1.0,0.0,10.0,0.0,0.0,0.0,TB,1.0,21,16,24,0,100,0,0,100,0,0
COLLIN JOHNSON,0.4,0.3,0.0,3.7,0.0,0.0,0.0,0.3,1.1,216.5,214.0,227.0,2.5,13.0,219.0,0.7,2.1,210.5,200,225,10.5,12,221,1.0,0.0,11.0,0.0,0.0,0.0,CHI,1.0,9,2,27,0,100,0,0,100,0,6
COLTON DOWELL,0.0,0.1,0.0,0.3,0.0,0.0,0.0,0.2,0.3,216.5,206.0,226.0,10.5,13.0,227.0,0.1,1.3,215.5,212,227,3.5,13,219,1.0,0.0,3.0,0.0,0.0,0.0,TEN,2.0,28,29,19,0,100,0,0,100,0,0
COOPER KUPP,8.8,4.9,0.4,61.4,0.1,0.0,-0.3,7.9,105.4,22.6,13.0,22.0,4.7,4.0,37.0,13.7,164.4,19.9,10,19,5.0,4,34,59.0,5.0,737.0,1.0,0.0,-3.0,LAR,95.0,11,22,6,17,25,42,25,42,42,2
CORNELIUS JOHNSON,0.0,0.0,0.0,0.0,0.0,0.0,0.0,0.0,0.0,154.3,113.0,175.0,24.9,11.0,177.0,0.0,0.0,155.3,113,176,25.0,11,177,0.0,0.0,0.0,0.0,0.0,0.0,LAC,0.0,30,25,25,0,0,0,0,0,0,0
COURTLAND SUTTON,8.2,3.7,0.6,48.3,0.0,0.0,0.0,5.6,131.2,44.0,36.0,43.0,3.7,6.0,58.0,11.9,190.2,44.1,37,42,3.2,6,53,59.0,10.0,772.0,0.0,0.0,0.0,DEN,90.0,19,28,8,0,13,40,0,13,47,1
CURTIS SAMUEL,6.0,3.9,0.3,38.3,0.4,0.1,2.4,5.7,95.2,55.5,43.0,55.0,7.3,6.0,73.0,9.8,157.2,53.8,40,51,7.7,6,74,62.0,4.0,613.0,7.0,1.0,39.0,BUF,91.0,14,15,15,0,47,33,0,47,27,1
DANTE PETTIS,0.0,0.0,0.0,0.0,0.0,0.0,0.0,0.0,0.0,150.5,123.0,196.0,27.5,12.0,178.0,0.0,0.0,152.0,125,200,27.0,12,179,0.0,0.0,0.0,0.0,0.0,0.0,CHI,0.0,9,2,27,0,0,0,0,0,0,7
DARIUS SLAYTON,5.9,2.9,0.2,45.3,0.0,0.0,0.0,4.6,101.0,81.4,64.0,82.0,6.1,8.0,96.0,8.9,151.0,82.8,65,84,5.8,8,96,50.0,4.0,770.0,0.0,0.0,0.0,NYG,79.0,4,23,1,0,56,19,0,56,19,3
DARNELL MOONEY,3.2,2.1,0.1,27.6,0.1,0.0,0.3,4.1,47.9,68.9,52.0,67.0,7.5,7.0,89.0,5.3,78.9,72.2,54,71,7.4,7,91,31.0,1.0,414.0,2.0,0.0,5.0,ATL,61.0,20,8,29,0,57,7,0,71,7,2
DAVANTE ADAMS,9.6,6.1,0.5,67.3,0.0,0.0,0.0,10.3,162.4,15.5,7.0,15.0,3.0,3.0,21.0,15.6,265.4,10.6,6,9,2.5,2,18,103.0,8.0,1144.0,0.0,0.0,0.0,LV,175.0,18,17,22,13,25,31,13,19,44,1
DAVID BELL,2.3,0.9,0.2,11.1,0.0,0.0,0.0,1.5,34.7,148.6,130.0,156.0,16.2,10.0,185.0,3.2,48.7,144.6,128,154,14.2,10,176,14.0,3.0,167.0,0.0,0.0,0.0,CLE,23.0,26,18,30,0,92,8,0,92,0,4
DAVID MOORE,2.2,0.7,0.1,13.4,0.0,0.0,0.0,1.0,15.4,195.0,181.0,208.0,12.3,12.0,211.0,2.9,20.4,191.7,180,206,9.0,12,202,5.0,1.0,94.0,0.0,0.0,0.0,CAR,7.0,17,13,18,0,83,17,0,83,17,7
DEANDRE CARTER,0.3,0.2,0.0,2.3,0.2,0.0,1.1,0.4,5.7,211.3,204.0,219.0,10.4,12.0,226.0,0.6,9.7,211.3,209,219,3.3,12,216,4.0,0.0,39.0,3.0,0.0,18.0,CHI,7.0,9,2,27,0,100,0,0,100,0,0
DEANDRE HOPKINS,8.7,4.4,0.4,62.2,0.1,0.0,0.5,8.1,148.6,37.1,27.0,38.0,3.5,5.0,45.0,13.2,223.6,37.9,27,38,3.1,5,45,75.0,7.0,1057.0,2.0,0.0,9.0,TEN,137.0,28,29,19,13,31,31,13,25,31,1
DEEBO SAMUEL,12.2,4.0,0.5,59.5,2.5,0.3,15.0,5.9,183.7,11.0,8.0,9.0,3.0,2.0,22.0,16.2,243.7,20.6,14,21,3.6,4,31,60.0,7.0,892.0,37.0,5.0,225.0,SF,89.0,2,3,9,29,14,57,21,14,57,2
DELEON ESKRIDGE,0.1,0.0,0.0,0.0,0.5,0.0,1.3,0.3,0.5,221.5,218.0,230.0,3.5,13.0,225.0,0.1,0.5,223.0,219,231,4.0,13,227,0.0,0.0,0.0,2.0,0.0,5.0,SEA,1.0,3,7,4,0,100,0,0,100,0,0
DEMARCUS ROBINSON,4.7,2.0,0.3,28.5,0.1,0.0,1.8,3.0,61.4,79.7,57.0,77.0,10.8,7.0,105.0,6.7,87.4,80.8,60,76,9.9,7,105,26.0,4.0,371.0,1.0,0.0,23.0,LAR,39.0,11,22,6,0,38,50,0,38,38,3
DEMARIO DOUGLAS,4.2,3.5,0.0,40.1,0.6,0.0,2.9,5.6,58.2,69.3,54.0,68.0,6.8,7.0,87.0,7.7,107.2,65.5,47,64,6.5,7,85,49.0,0.0,561.0,8.0,0.0,41.0,NE,79.0,25,9,31,0,46,0,0,38,0,1
DENZEL MIMS,0.0,0.0,0.0,0.0,0.0,0.0,0.0,0.0,0.0,144.3,85.0,184.0,43.1,11.0,186.0,0.0,0.0,143.7,84,185,43.2,11,185,0.0,0.0,0.0,0.0,0.0,0.0,JAC,0.0,32,31,21,0,0,0,0,0,0,0
DEONTE HARTY,1.6,0.9,0.1,9.4,0.3,0.0,0.0,1.3,25.0,160.8,136.0,181.0,20.9,11.0,192.0,2.5,40.0,161.5,136,183,19.7,11,188,15.0,1.0,150.0,4.0,0.0,0.0,BAL,21.0,12,10,13,0,87,0,0,87,0,6
DERIUS DAVIS,1.2,0.9,0.0,3.9,0.8,0.0,5.9,1.0,20.7,163.6,144.0,170.0,10.6,11.0,176.0,2.1,35.7,166.8,146,173,11.5,11,181,15.0,0.0,66.0,14.0,0.0,101.0,LAC,17.0,30,25,25,0,88,0,0,94,0,5
DEVANTE PARKER,,2.5,0.0,30.3,0.0,0.0,0.0,4.2,,,,,,,,5.6,72.4,84.5,83,179,1.5,11,86,33.0,0.0,394.0,0.0,0.0,0.0,FA,55.0,33,33,33,0,58,0,0,67,0,0
DEVAUGHN VELE,0.0,0.0,0.0,0.0,0.0,0.0,0.0,0.0,0.0,176.7,138.0,194.0,27.6,12.0,201.0,0.0,0.0,175.3,140,199,25.0,12,194,0.0,0.0,0.0,0.0,0.0,0.0,DEN,0.0,19,28,8,0,0,0,0,0,0,0
DEVEN THOMPKINS,1.1,1.0,0.1,4.9,0.5,0.0,3.3,1.5,17.9,190.7,169.0,205.0,15.4,12.0,203.0,2.1,34.9,193.7,173,208,14.8,12,207,17.0,1.0,83.0,8.0,0.0,56.0,CAR,25.0,17,13,18,0,94,6,0,94,6,0
DEVIN DUVERNAY,0.3,0.3,0.0,1.4,0.3,0.0,1.2,0.7,3.3,160.8,140.0,166.0,25.7,11.0,210.0,0.6,7.3,160.8,136,167,25.8,11,210,4.0,0.0,18.0,4.0,0.0,15.0,JAC,9.0,32,31,21,0,100,0,0,100,0,4
DEVONTA SMITH,9.2,5.1,0.4,66.6,0.0,0.0,0.0,7.0,146.6,22.4,16.0,21.0,3.1,4.0,28.0,14.2,227.6,21.1,14,22,3.4,4,29,81.0,7.0,1066.0,0.0,0.0,0.0,PHI,112.0,6,11,7,6,19,50,6,19,50,2
DEVONTEZ WALKER,0.0,0.0,0.0,0.0,0.0,0.0,0.0,0.0,0.0,95.9,71.0,93.0,9.9,8.0,137.0,0.0,0.0,97.2,85,97,9.2,8,140,0.0,0.0,0.0,0.0,0.0,0.0,BAL,0.0,12,10,13,0,100,0,0,100,0,4
DIONTAE JOHNSON,7.8,3.9,0.4,55.2,0.0,0.0,0.0,6.7,101.7,36.1,25.0,35.0,4.9,5.0,52.0,11.7,152.7,34.9,23,34,5.0,5,50,51.0,5.0,717.0,0.0,0.0,0.0,CAR,87.0,17,13,18,0,25,25,0,25,33,1
DJ CHARK,5.4,2.3,0.3,35.0,0.0,0.0,0.0,4.4,80.5,89.2,69.0,90.0,8.4,8.0,119.0,7.7,115.5,93.3,73,92,8.4,8,123,35.0,5.0,525.0,0.0,0.0,0.0,LAC,66.0,30,25,25,7,64,21,7,64,14,4
DJ MONTGOMERY,1.7,0.4,0.1,8.0,0.0,0.0,0.0,1.1,11.6,216.7,195.0,216.0,25.2,12.0,252.0,2.1,14.6,213.3,192,215,22.2,12,244,3.0,1.0,56.0,0.0,0.0,0.0,IND,8.0,22,19,26,0,83,17,0,83,0,6
DJ MOORE,11.2,5.6,0.5,80.2,0.2,0.1,1.2,8.0,190.5,17.8,10.0,18.0,3.8,3.0,25.0,16.9,286.5,19.3,10,18,4.3,3,28,96.0,8.0,1364.0,4.0,1.0,21.0,CHI,136.0,9,2,27,25,19,50,25,19,44,1
DK METCALF,10.0,4.1,0.5,69.6,0.0,0.0,0.0,7.4,159.4,15.7,10.0,17.0,3.3,3.0,23.0,14.1,225.4,20.6,13,20,3.7,4,28,66.0,8.0,1114.0,0.0,0.0,0.0,SEA,119.0,3,7,4,7,7,53,7,13,40,1
DONOVAN PEOPLES-JONES,1.0,0.9,0.0,10.3,0.0,0.0,0.0,1.7,15.5,119.9,98.0,118.0,11.1,9.0,151.0,1.9,28.5,119.7,98,117,10.7,9,148,13.0,0.0,155.0,0.0,0.0,0.0,DET,25.0,24,30,11,0,93,0,0,93,0,4
DONTAYVION WICKS,5.4,2.6,0.3,38.7,0.1,0.0,0.1,3.9,80.8,63.9,47.0,63.0,6.8,7.0,81.0,8.0,119.8,67.5,49,66,6.9,7,83,39.0,4.0,581.0,1.0,0.0,1.0,GB,58.0,5,5,17,0,50,14,0,50,7,4
DRAKE LONDON,6.6,4.3,0.1,56.6,0.0,0.0,0.0,6.9,105.4,15.7,11.0,16.0,3.4,3.0,27.0,10.9,174.4,13.0,9,12,4.0,3,28,69.0,2.0,905.0,0.0,0.0,0.0,ATL,110.0,20,8,29,7,40,20,7,40,27,1
DYAMI BROWN,1.4,0.7,0.1,9.9,0.1,0.0,0.0,1.4,23.0,155.9,137.0,159.0,16.7,11.0,184.0,2.1,35.0,156.7,135,160,16.7,11,184,12.0,1.0,168.0,1.0,0.0,0.0,WAS,23.0,13,4,28,0,88,6,0,94,0,5
ELIJAH COOKS,0.4,0.3,0.0,4.2,0.0,0.0,0.0,0.4,3.8,202.0,199.0,218.0,3.0,12.0,205.0,0.8,6.8,208.0,208,222,0.0,12,208,3.0,0.0,38.0,0.0,0.0,0.0,JAC,4.0,32,31,21,0,100,0,0,100,0,0
ELIJAH MOORE,4.3,3.5,0.1,37.6,0.5,0.0,0.6,6.1,73.1,79.4,60.0,79.0,8.8,7.0,103.0,7.8,132.1,77.0,54,78,9.4,7,101,59.0,2.0,640.0,9.0,0.0,11.0,CLE,104.0,26,18,30,0,50,13,0,56,13,3
EMEKA EMEZIE,0.0,0.0,0.0,0.0,0.0,0.0,0.0,0.0,0.0,134.7,99.0,179.0,25.2,11.0,153.0,0.0,0.0,135.7,101,180,24.5,11,153,0.0,0.0,0.0,0.0,0.0,0.0,FA,0.0,33,33,33,0,0,0,0,0,0,0
EQUANIMEOUS ST BROWN,0.9,0.7,0.0,8.9,0.0,0.0,0.0,0.9,6.2,181.8,145.0,185.0,23.3,11.0,209.0,1.6,11.2,184.8,149,186,23.7,11,212,5.0,0.0,62.0,0.0,0.0,0.0,NO,6.0,15,21,10,0,100,0,0,100,0,6
ERIK EZUKANMA,1.1,0.0,0.0,0.0,2.5,0.0,11.0,0.5,2.2,220.0,175.0,211.0,36.0,12.0,275.0,1.1,2.2,213.5,175,210,33.6,12,266,0.0,0.0,0.0,5.0,0.0,22.0,MIA,1.0,29,12,32,0,100,0,0,100,0,5
GABRIEL DAVIS,6.8,2.6,0.4,43.9,0.1,0.0,-0.1,4.8,116.4,58.0,44.0,58.0,6.0,6.0,72.0,9.5,161.4,63.4,49,63,5.9,7,80,45.0,7.0,746.0,1.0,0.0,-2.0,JAC,81.0,32,31,21,6,50,38,0,50,38,2
GARRETT WILSON,7.0,5.6,0.2,61.3,0.2,0.0,0.0,9.9,118.2,7.9,5.0,8.0,1.6,2.0,13.0,12.5,213.2,7.1,5,7,1.3,2,11,95.0,3.0,1042.0,4.0,0.0,0.0,NYJ,168.0,16,20,12,0,13,25,0,13,50,1
GEORGE PICKENS,8.6,3.7,0.3,67.1,0.2,0.0,1.1,6.2,145.8,24.2,16.0,23.0,4.8,4.0,37.0,12.3,208.8,29.0,20,29,4.6,4,42,63.0,5.0,1140.0,3.0,0.0,18.0,PIT,106.0,23,26,20,19,31,31,13,19,31,1
GREG DORTCH,2.5,1.5,0.1,17.5,0.1,0.0,0.3,2.6,40.5,102.6,77.0,110.0,14.9,9.0,153.0,4.0,64.5,101.2,74,110,15.3,9,153,24.0,2.0,280.0,1.0,0.0,5.0,ARI,41.0,7,14,5,0,73,7,0,73,7,4
HUNTER RENFROW,1.4,1.5,0.0,15.0,0.0,0.0,0.0,2.2,23.5,119.9,102.0,128.0,9.7,10.0,138.0,2.9,48.5,110.8,94,127,10.8,9,135,25.0,0.0,255.0,0.0,0.0,0.0,FA,37.0,33,33,33,0,93,0,0,87,0,0
IHMIR SMITH-MARSETTE,1.4,0.5,0.0,3.0,0.5,0.1,4.4,0.6,24.5,183.3,158.0,190.0,17.9,11.0,208.0,1.9,32.5,180.0,153,191,16.2,11,196,8.0,0.0,51.0,8.0,1.0,74.0,CAR,10.0,17,13,18,0,88,6,0,94,0,6
ISAIAH HODGINS,2.3,1.2,0.2,13.5,0.0,0.0,0.0,1.9,39.0,145.4,132.0,152.0,8.6,10.0,157.0,3.5,60.0,143.7,127,145,10.5,10,160,21.0,3.0,230.0,0.0,0.0,0.0,NYG,33.0,4,23,1,0,81,6,0,81,0,7
ISAIAH MCKENZIE,0.4,0.8,0.0,6.3,0.2,0.0,1.1,1.1,5.6,142.6,114.0,145.0,13.5,10.0,166.0,1.3,16.6,142.4,117,143,13.4,10,165,11.0,0.0,82.0,3.0,0.0,14.0,NYG,14.0,4,23,1,0,100,0,0,100,0,6
ISAIAH WILLIAMS,0.0,0.0,0.0,0.0,0.0,0.0,0.0,0.0,0.0,160.7,117.0,189.0,31.8,11.0,192.0,0.0,0.0,161.7,117,189,32.8,11,195,0.0,0.0,0.0,0.0,0.0,0.0,FA,0.0,33,33,33,0,0,0,0,0,0,0
JACOB COWING,0.0,0.0,0.0,0.0,0.0,0.0,0.0,0.0,0.0,108.6,86.0,108.0,12.6,9.0,150.0,0.0,0.0,109.7,85,108,12.0,9,150,0.0,0.0,0.0,0.0,0.0,0.0,SF,0.0,2,3,9,0,0,0,0,0,0,6
JAHAN DOTSON,4.5,2.9,0.2,30.5,0.0,0.0,0.0,4.9,75.8,61.7,46.0,62.0,6.4,7.0,78.0,7.3,124.8,60.5,43,61,7.3,6,79,49.0,4.0,518.0,0.0,0.0,0.0,WAS,83.0,13,4,28,0,63,13,6,56,13,2
JAKE BOBO,2.2,1.1,0.1,11.5,0.1,0.1,0.2,1.5,37.9,142.7,115.0,149.0,18.3,10.0,180.0,3.3,56.9,143.4,115,150,18.4,10,180,19.0,2.0,196.0,1.0,1.0,3.0,SEA,25.0,3,7,4,0,73,7,0,80,7,5
JAKOBI MEYERS,9.2,4.4,0.5,50.4,0.3,0.1,1.5,6.6,147.6,52.5,44.0,51.0,4.4,6.0,66.0,13.7,218.6,49.4,43,48,4.3,6,64,71.0,8.0,807.0,4.0,2.0,24.0,LV,106.0,18,17,22,7,27,47,7,27,47,2
JALEN BROOKS,0.9,0.9,0.0,9.1,0.0,0.0,0.0,0.9,6.4,138.8,115.0,162.0,13.7,11.0,152.0,1.8,12.4,139.2,116,163,13.9,11,154,6.0,0.0,64.0,0.0,0.0,0.0,DAL,6.0,1,1,2,0,100,0,0,80,0,4
JALEN COKER,0.0,0.0,0.0,0.0,0.0,0.0,0.0,0.0,0.0,153.5,116.0,197.0,37.5,12.0,191.0,0.0,0.0,136.0,107,192,29.0,11,165,0.0,0.0,0.0,0.0,0.0,0.0,CAR,0.0,17,13,18,0,0,0,0,0,0,0
JALEN GUYTON,1.9,1.3,0.1,11.1,0.0,0.0,0.0,2.6,14.9,168.2,127.0,174.0,21.4,11.0,189.0,3.1,24.9,171.0,127,177,23.1,11,194,10.0,1.0,89.0,0.0,0.0,0.0,LV,21.0,18,17,22,0,88,13,0,88,0,0
JALEN MCMILLAN,0.0,0.0,0.0,0.0,0.0,0.0,0.0,0.0,0.0,93.4,72.0,94.0,10.1,8.0,117.0,0.0,0.0,92.3,68,95,10.4,8,116,0.0,0.0,0.0,0.0,0.0,0.0,TB,0.0,21,16,24,0,0,0,0,0,0,4
JALEN NAILOR,0.5,0.5,0.0,4.8,0.0,0.0,0.0,1.0,2.9,163.8,110.0,182.0,32.3,11.0,196.0,1.0,5.9,160.3,106,182,32.6,11,193,3.0,0.0,29.0,0.0,0.0,0.0,MIN,6.0,10,24,3,0,100,0,0,100,0,5
JALEN REAGOR,2.0,0.6,0.0,12.5,0.1,0.0,1.5,2.1,21.5,184.8,153.0,191.0,22.1,11.0,213.0,2.6,28.5,187.8,159,196,20.6,11,211,7.0,0.0,138.0,1.0,0.0,17.0,NE,23.0,25,9,31,0,90,10,0,90,0,7
JALEN TOLBERT,2.2,1.3,0.1,15.8,0.0,0.0,0.0,2.1,36.8,97.2,76.0,111.0,12.8,9.0,132.0,3.5,58.8,97.7,76,111,12.6,9,133,22.0,2.0,268.0,0.0,0.0,0.0,DAL,36.0,1,1,2,0,73,7,0,87,0,3
JALIN HYATT,2.2,1.4,0.0,21.9,0.0,0.0,0.0,2.4,37.3,82.4,59.0,83.0,8.9,8.0,113.0,3.5,60.3,82.5,62,83,8.6,8,115,23.0,0.0,373.0,0.0,0.0,0.0,NYG,40.0,4,23,1,0,80,7,0,80,7,4
JALYNN POLK,0.0,0.0,0.0,0.0,0.0,0.0,0.0,0.0,0.0,73.4,53.0,73.0,9.0,7.0,95.0,0.0,0.0,72.1,51,73,9.8,7,93,0.0,0.0,0.0,0.0,0.0,0.0,NE,0.0,25,9,31,0,0,0,0,0,0,2
JAMAL AGNEW,2.4,1.3,0.1,20.5,0.4,0.0,-0.2,1.9,26.3,192.0,174.0,206.0,12.8,12.0,202.0,3.7,40.3,190.7,171,205,14.6,12,206,14.0,1.0,225.0,4.0,0.0,-2.0,FA,21.0,33,33,33,0,82,9,0,73,9,0
JAMARI THRASH,0.0,0.0,0.0,0.0,0.0,0.0,0.0,0.0,0.0,136.4,118.0,143.0,9.3,10.0,151.0,0.0,0.0,139.0,130,148,7.1,10,150,0.0,0.0,0.0,0.0,0.0,0.0,CLE,0.0,26,18,30,0,0,0,0,0,0,6
JAMARR CHASE,10.2,6.3,0.4,76.0,0.2,0.0,-0.4,9.1,162.7,2.9,1.0,3.0,0.9,1.0,5.0,16.4,262.7,3.6,1,4,1.3,1,5,100.0,7.0,1216.0,3.0,0.0,-6.0,CIN,145.0,27,27,23,20,13,33,27,13,33,1
JAMESON WILLIAMS,4.7,2.0,0.2,29.5,0.3,0.1,2.4,3.5,56.3,46.4,32.0,46.0,6.0,6.0,76.0,6.7,80.3,52.6,42,50,5.9,6,81,24.0,2.0,354.0,3.0,1.0,29.0,DET,42.0,24,30,11,0,42,17,0,50,0,2
JAMISON CROWDER,1.2,0.9,0.1,9.4,0.0,0.0,0.0,1.2,19.9,152.9,136.0,157.0,13.5,11.0,180.0,2.1,35.9,146.4,135,157,10.2,10,168,16.0,1.0,159.0,0.0,0.0,0.0,WAS,20.0,13,4,28,0,93,7,0,93,7,4
JASON BROWNLEE,1.7,0.7,0.1,8.0,0.0,0.0,0.0,1.1,11.6,176.8,133.0,188.0,25.5,11.0,194.0,2.4,16.6,175.0,133,188,24.6,11,194,5.0,1.0,56.0,0.0,0.0,0.0,NYJ,8.0,16,20,12,0,83,0,0,83,0,6
JAUAN JENNINGS,2.5,1.5,0.1,20.4,0.0,0.0,0.0,2.5,32.5,115.7,91.0,124.0,10.1,9.0,137.0,4.0,51.5,118.0,95,125,9.0,9,137,19.0,1.0,265.0,0.0,0.0,0.0,SF,33.0,2,3,9,0,77,8,0,85,0,4
JAVON BAKER,0.0,0.0,0.0,0.0,0.0,0.0,0.0,0.0,0.0,84.6,61.0,81.0,10.5,8.0,115.0,0.0,0.0,84.5,65,80,10.2,7,115,0.0,0.0,0.0,0.0,0.0,0.0,NE,0.0,25,9,31,0,0,0,0,0,0,4
JAXON SMITH-NJIGBA,5.1,3.7,0.2,36.9,0.0,0.0,0.0,5.5,86.8,46.0,37.0,45.0,4.5,6.0,60.0,8.8,149.8,40.2,30,40,4.2,5,53,63.0,4.0,628.0,0.0,0.0,0.0,SEA,93.0,3,7,4,0,38,19,0,38,13,3
JAYDEN REED,9.6,4.0,0.5,49.6,0.7,0.1,7.4,5.9,153.2,33.4,26.0,32.0,4.3,5.0,44.0,13.6,217.2,37.0,29,37,3.9,5,48,64.0,8.0,793.0,11.0,2.0,119.0,GB,94.0,5,5,17,7,20,47,7,27,47,1
JAYLEN WADDLE,9.0,5.1,0.3,72.4,0.2,0.0,0.9,7.4,126.6,18.1,11.0,19.0,2.8,3.0,26.0,14.2,198.6,16.1,10,15,2.9,3,23,72.0,4.0,1014.0,3.0,0.0,12.0,MIA,104.0,29,12,32,14,0,29,14,7,36,2
JERMAINE BURTON,0.0,0.0,0.0,0.0,0.0,0.0,0.0,0.0,0.0,74.8,54.0,74.0,11.3,7.0,116.0,0.0,0.0,76.0,57,75,11.5,7,116,0.0,0.0,0.0,0.0,0.0,0.0,CIN,0.0,27,27,23,0,0,0,0,0,0,3
JERROD MEANS,0.0,0.0,0.0,0.0,0.0,0.0,0.0,0.0,0.0,134.8,116.0,151.0,12.2,10.0,146.0,0.0,0.0,136.5,113,155,12.0,10,148,0.0,0.0,0.0,0.0,0.0,0.0,NO,0.0,15,21,10,0,0,0,0,0,0,5
JERRY JEUDY,5.5,3.4,0.1,47.4,0.0,0.0,0.0,5.4,87.8,58.8,48.0,59.0,5.2,6.0,73.0,8.9,141.8,58.8,48,59,5.2,6,72,54.0,2.0,758.0,0.0,0.0,0.0,CLE,87.0,26,18,30,0,33,7,0,33,0,2
JHAQUAN JACKSON,0.0,0.0,0.0,0.0,0.0,0.0,0.0,0.0,0.0,174.2,154.0,180.0,14.3,11.0,198.0,0.0,0.0,173.8,157,181,11.4,11,192,0.0,0.0,0.0,0.0,0.0,0.0,TEN,0.0,28,29,19,0,0,0,0,0,0,0
JOHN METCHIE,1.0,1.0,0.0,9.9,0.1,0.0,0.3,1.9,16.2,119.0,95.0,127.0,15.1,9.0,154.0,2.0,32.2,119.0,90,128,15.2,9,154,16.0,0.0,158.0,1.0,0.0,4.0,HOU,30.0,31,32,16,0,100,0,0,100,0,6
JOHNNY WILSON,0.0,0.0,0.0,0.0,0.0,0.0,0.0,0.0,0.0,126.5,100.0,132.0,12.6,10.0,148.0,0.0,0.0,126.9,102,132,11.0,10,144,0.0,0.0,0.0,0.0,0.0,0.0,PHI,0.0,6,11,7,0,0,0,0,0,0,4
JONATHAN MINGO,2.8,2.9,0.0,27.9,0.0,0.0,0.0,5.7,41.8,94.3,81.0,96.0,8.9,8.0,125.0,5.7,84.8,89.9,69,93,9.0,8,121,43.0,0.0,418.0,0.0,0.0,0.0,CAR,85.0,17,13,18,0,73,0,0,73,0,4
JORDAN ADDISON,8.9,4.1,0.6,53.6,0.1,0.0,0.1,6.4,151.3,42.4,29.0,42.0,4.9,5.0,54.0,13.0,221.3,42.4,33,41,4.8,5,54,70.0,10.0,911.0,1.0,0.0,2.0,MIN,108.0,10,24,3,13,31,38,13,25,38,2
JORDAN WHITTINGTON,0.0,0.0,0.0,0.0,0.0,0.0,0.0,0.0,0.0,149.8,119.0,167.0,17.2,11.0,169.0,0.0,0.0,147.0,118,166,17.0,11,164,0.0,0.0,0.0,0.0,0.0,0.0,LAR,0.0,11,22,6,0,0,0,0,0,0,5
JOSH DOWNS,5.2,4.0,0.1,45.4,0.0,0.0,0.0,5.8,89.1,60.6,52.0,61.0,4.4,7.0,73.0,9.2,157.1,54.7,44,54,5.1,6,69,68.0,2.0,771.0,0.0,0.0,0.0,IND,98.0,22,19,26,6,56,13,0,44,13,2
JOSH PALMER,6.2,3.5,0.2,52.8,0.1,0.0,0.5,5.5,68.7,55.7,39.0,57.0,7.0,6.0,73.0,9.7,106.7,54.1,38,53,7.4,6,75,38.0,2.0,581.0,1.0,0.0,6.0,LAC,61.0,30,25,25,0,40,30,0,40,30,1
JOSH REYNOLDS,5.2,2.4,0.3,35.8,0.0,0.0,0.0,3.8,88.8,98.2,84.0,95.0,6.0,8.0,114.0,7.6,128.8,99.0,87,96,6.1,8,117,40.0,5.0,608.0,0.0,0.0,0.0,DEN,64.0,19,28,8,7,40,20,0,53,13,2
JUJU SMITH-SCHUSTER,2.9,2.6,0.1,23.6,0.0,0.0,0.0,4.3,32.0,117.4,97.0,120.0,13.2,9.0,155.0,5.5,61.0,112.8,89,120,13.9,9,152,29.0,1.0,260.0,0.0,0.0,0.0,NE,47.0,25,9,31,0,73,0,0,55,0,5
JULIO JONES,2.3,1.0,0.3,6.7,0.0,0.0,0.0,1.7,25.4,216.7,171.0,212.0,42.9,12.0,274.0,3.3,36.4,218.3,177,213,37.1,12,267,11.0,3.0,74.0,0.0,0.0,0.0,FA,19.0,33,33,33,0,80,10,0,80,10,0
JUSTIN JEFFERSON,13.4,6.8,0.5,107.4,0.1,0.0,-1.2,10.0,134.2,4.1,3.0,4.0,0.8,1.0,8.0,20.2,202.2,4.3,3,5,0.9,1,7,68.0,5.0,1074.0,1.0,0.0,-12.0,MIN,100.0,10,24,3,33,22,56,44,22,67,1
JUSTIN WATSON,3.9,1.7,0.2,28.8,0.0,0.0,0.0,3.3,62.0,124.7,106.0,133.0,11.4,10.0,152.0,5.6,89.0,127.4,109,134,11.6,10,157,27.0,3.0,460.0,0.0,0.0,0.0,KC,53.0,8,6,14,0,40,13,0,73,7,4
JUSTYN ROSS,0.5,0.6,0.0,5.3,0.0,0.0,0.0,1.1,5.3,159.5,123.0,165.0,21.5,11.0,183.0,1.1,11.3,153.9,111,159,26.4,11,184,6.0,0.0,53.0,0.0,0.0,0.0,KC,11.0,8,6,14,0,100,0,0,100,0,7
KADARIUS TONEY,2.0,2.1,0.1,13.0,0.8,0.0,2.4,2.9,26.0,104.4,86.0,102.0,8.8,8.0,146.0,4.1,53.0,106.5,83,102,9.6,8,149,27.0,1.0,169.0,11.0,0.0,31.0,KC,38.0,8,6,14,0,85,0,0,77,0,7
KALIF RAYMOND,3.7,2.1,0.1,28.8,0.4,0.0,4.4,2.6,62.4,112.2,84.0,123.0,14.7,9.0,143.0,5.7,97.4,111.5,85,118,14.0,9,144,35.0,1.0,489.0,7.0,0.0,75.0,DET,44.0,24,30,11,0,69,13,0,75,6,3
KAVONTAE TURPIN,3.0,0.8,0.2,7.9,0.7,0.1,6.9,1.1,47.7,132.6,107.0,144.0,12.8,10.0,152.0,3.7,59.7,137.6,113,146,12.5,10,158,12.0,3.0,127.0,11.0,1.0,110.0,DAL,18.0,1,1,2,0,67,0,0,73,0,5
KAYSHON BOUTTE,0.4,0.4,0.0,3.8,0.0,0.0,0.0,1.4,1.9,211.0,171.0,207.0,32.4,12.0,260.0,0.8,3.9,210.0,171,209,29.8,12,253,2.0,0.0,19.0,0.0,0.0,0.0,NE,7.0,25,9,31,0,100,0,0,100,0,0
KEENAN ALLEN,13.1,8.3,0.5,95.6,0.2,0.0,0.5,11.5,170.9,34.7,24.0,34.0,4.0,5.0,42.0,21.5,278.9,28.9,14,28,4.7,4,37,108.0,7.0,1243.0,2.0,0.0,6.0,CHI,150.0,9,2,27,31,0,38,31,0,62,2
KENDRICK BOURNE,7.9,4.6,0.5,50.8,0.1,0.0,0.5,6.9,63.0,88.2,69.0,87.0,7.6,8.0,105.0,12.5,100.0,87.6,69,86,7.6,8,105,37.0,4.0,406.0,1.0,0.0,4.0,NE,55.0,25,9,31,13,25,38,0,38,38,3
KEON COLEMAN,0.0,0.0,0.0,0.0,0.0,0.0,0.0,0.0,0.0,52.7,34.0,52.0,8.3,6.0,92.0,0.0,0.0,54.0,33,52,9.4,6,99,0.0,0.0,0.0,0.0,0.0,0.0,BUF,0.0,14,15,15,0,0,0,0,0,0,3
KHADAREL HODGE,1.4,0.8,0.0,13.6,0.1,0.0,0.0,1.4,23.2,164.3,123.0,183.0,25.6,11.0,189.0,2.2,37.2,164.3,125,184,24.5,11,189,14.0,0.0,232.0,1.0,0.0,0.0,ATL,23.0,20,8,29,0,87,0,0,87,0,4
KHALIL SHAKIR,4.4,2.3,0.1,35.9,0.1,0.0,0.6,2.6,74.1,59.9,39.0,60.0,7.8,6.0,84.0,6.7,113.1,59.7,39,60,8.4,6,85,39.0,2.0,611.0,1.0,0.0,10.0,BUF,45.0,14,15,15,7,53,7,0,47,13,2
KJ OSBORN,4.5,3.0,0.2,33.8,0.0,0.0,0.0,4.7,72.0,99.2,82.0,100.0,8.1,8.0,125.0,7.5,120.0,97.2,77,100,8.3,8,121,48.0,3.0,540.0,0.0,0.0,0.0,NE,75.0,25,9,31,0,53,20,0,53,13,5
KYLE PHILIPS,1.8,1.7,0.0,20.1,0.0,0.0,0.0,2.4,16.1,153.2,129.0,161.0,13.8,11.0,172.0,3.5,31.1,151.3,129,162,13.2,11,168,15.0,0.0,181.0,0.0,0.0,0.0,TEN,22.0,28,29,19,0,75,0,0,75,0,6
LADD MCCONKEY,0.0,0.0,0.0,0.0,0.0,0.0,0.0,0.0,0.0,48.0,36.0,47.0,8.0,6.0,79.0,0.0,0.0,45.7,32,46,11.1,6,106,0.0,0.0,0.0,0.0,0.0,0.0,LAC,0.0,30,25,25,0,0,0,0,0,0,2
LAVISKA SHENAULT,1.4,1.3,0.0,7.5,1.5,0.0,6.9,1.3,11.5,175.4,141.0,178.0,39.5,11.0,250.0,2.7,21.5,175.0,141,178,38.3,11,247,10.0,0.0,60.0,12.0,0.0,55.0,SEA,10.0,3,7,4,0,100,0,0,100,0,4
LILJORDAN HUMPHREY,2.0,0.8,0.2,9.5,0.0,0.0,0.0,1.1,34.2,169.4,149.0,176.0,17.1,11.0,197.0,2.8,47.2,168.2,148,174,15.4,11,193,13.0,3.0,162.0,0.0,0.0,0.0,DEN,19.0,19,28,8,0,80,7,0,80,7,7
LUKE MCCAFFREY,0.0,0.0,0.0,0.0,0.0,0.0,0.0,0.0,0.0,96.3,73.0,104.0,13.2,8.0,124.0,0.0,0.0,95.4,67,104,14.0,8,121,0.0,0.0,0.0,0.0,0.0,0.0,WAS,0.0,13,4,28,0,0,0,0,0,0,3
LYNN BOWDEN,0.8,0.7,0.0,5.5,0.3,0.0,2.1,1.1,11.5,200.7,182.0,210.0,14.1,12.0,216.0,1.5,22.5,197.3,185,211,9.0,12,206,11.0,0.0,83.0,5.0,0.0,32.0,FA,16.0,33,33,33,0,100,0,0,100,0,0
MACK HOLLINS,1.9,1.4,0.0,19.3,0.0,0.0,0.0,2.3,25.1,135.4,122.0,146.0,6.7,10.0,147.0,3.3,43.1,138.0,123,147,7.5,10,152,18.0,0.0,251.0,0.0,0.0,0.0,BUF,30.0,14,15,15,0,83,0,0,92,0,4
MALACHI CORLEY,0.0,0.0,0.0,0.0,0.0,0.0,0.0,0.0,0.0,84.9,54.0,85.0,11.7,8.0,117.0,0.0,0.0,85.9,58,88,11.2,8,119,0.0,0.0,0.0,0.0,0.0,0.0,NYJ,0.0,16,20,12,0,0,0,0,0,0,3
MALIK HEATH,1.4,1.2,0.1,9.6,0.0,0.0,0.0,1.8,18.5,169.6,148.0,177.0,16.7,11.0,193.0,2.6,33.5,169.8,148,175,15.9,11,189,15.0,1.0,125.0,0.0,0.0,0.0,GB,24.0,5,5,17,0,83,0,0,83,0,6
MALIK NABERS,0.0,0.0,0.0,0.0,0.0,0.0,0.0,0.0,0.0,25.6,16.0,25.0,4.7,4.0,38.0,0.0,0.0,23.4,14,23,5.3,4,37,0.0,0.0,0.0,0.0,0.0,0.0,NYG,0.0,4,23,1,0,0,0,0,0,0,1
MALIK TAYLOR,0.4,0.7,0.0,4.3,0.0,0.0,0.0,1.3,1.3,234.5,212.0,229.0,22.5,13.0,257.0,1.1,3.3,234.5,218,232,16.5,13,251,2.0,0.0,13.0,0.0,0.0,0.0,NYJ,4.0,16,20,12,0,100,0,0,100,0,7
MALIK WASHINGTON,0.0,0.0,0.0,0.0,0.0,0.0,0.0,0.0,0.0,106.8,80.0,115.0,15.6,9.0,149.0,0.0,0.0,108.5,82,121,15.9,9,150,0.0,0.0,0.0,0.0,0.0,0.0,MIA,0.0,29,12,32,0,0,0,0,0,0,6
MARCUS ROSEMY-JACKSAINT,0.0,0.0,0.0,0.0,0.0,0.0,0.0,0.0,0.0,156.7,121.0,187.0,25.5,11.0,179.0,0.0,0.0,161.7,135,190,19.1,11,179,0.0,0.0,0.0,0.0,0.0,0.0,WAS,0.0,13,4,28,0,0,0,0,0,0,0
MARQUEZ CALLAWAY,0.0,0.0,0.0,0.0,0.0,0.0,0.0,0.0,0.0,203.5,201.0,220.0,2.5,12.0,206.0,0.0,0.0,204.5,204,220,0.5,12,205,0.0,0.0,0.0,0.0,0.0,0.0,PIT,0.0,23,26,20,0,100,0,0,100,0,7
MARQUEZ VALDES-SCANTLING,2.2,1.3,0.1,19.7,0.0,0.0,0.0,2.6,35.5,114.2,91.0,113.0,12.6,9.0,144.0,3.5,56.5,116.7,93,113,12.2,9,145,21.0,1.0,315.0,0.0,0.0,0.0,BUF,42.0,14,15,15,0,88,6,0,94,6,6
MARQUISE BROWN,6.0,3.6,0.3,41.0,0.1,0.0,1.6,7.2,83.7,36.8,24.0,36.0,5.2,5.0,52.0,9.6,134.7,38.8,27,39,4.5,5,49,51.0,4.0,574.0,2.0,0.0,23.0,KC,101.0,8,6,14,0,43,29,0,36,43,1
MARVIN HARRISON,0.0,0.0,0.0,0.0,0.0,0.0,0.0,0.0,0.0,12.3,7.0,12.0,2.8,3.0,20.0,0.0,0.0,10.6,7,10,2.6,2,21,0.0,0.0,0.0,0.0,0.0,0.0,ARI,0.0,7,14,5,0,0,0,0,0,0,1
MARVIN MIMS,3.0,1.4,0.1,23.6,0.6,0.0,1.9,2.1,48.7,69.2,57.0,71.0,7.6,7.0,100.0,4.4,70.7,71.6,60,72,7.5,7,103,22.0,1.0,377.0,9.0,0.0,30.0,DEN,33.0,19,28,8,7,73,13,0,80,13,3
MECOLE HARDMAN,1.1,1.5,0.0,12.4,0.1,0.0,0.3,2.4,10.7,135.1,107.0,155.0,16.1,10.0,161.0,2.6,25.7,136.6,110,156,15.8,10,162,15.0,0.0,124.0,1.0,0.0,3.0,KC,24.0,8,6,14,0,100,0,0,100,0,5
MICHAEL GALLUP,3.2,2.0,0.1,24.6,0.0,0.0,0.0,3.4,53.8,104.6,89.0,121.0,11.6,9.0,130.0,5.2,87.8,104.8,79,114,12.8,9,131,34.0,2.0,418.0,0.0,0.0,0.0,FA,57.0,33,33,33,0,75,13,0,75,13,0
MICHAEL PITTMAN,8.8,6.8,0.3,72.0,0.0,0.0,0.0,9.8,141.2,25.7,20.0,27.0,3.3,4.0,35.0,15.6,250.2,14.0,9,13,3.6,3,26,109.0,4.0,1152.0,0.0,0.0,0.0,IND,156.0,22,19,26,0,7,47,7,7,60,1
MICHAEL THOMAS,5.1,3.9,0.1,44.8,0.0,0.0,0.0,6.4,50.8,108.3,79.0,109.0,12.7,9.0,164.0,9.0,89.8,100.2,70,109,12.4,9,152,39.0,1.0,448.0,0.0,0.0,0.0,FA,64.0,33,33,33,0,20,10,0,20,0,0
MICHAEL WILSON,5.9,2.9,0.2,43.5,0.0,0.0,0.0,4.5,76.5,68.4,57.0,66.0,5.1,7.0,82.0,8.8,114.5,69.5,57,67,5.3,7,82,38.0,3.0,565.0,0.0,0.0,0.0,ARI,58.0,7,14,5,8,50,17,8,50,17,2
MIKE EVANS,12.0,4.6,0.8,73.8,0.0,0.0,0.0,8.0,203.5,11.1,8.0,10.0,2.1,2.0,16.0,16.6,282.5,16.4,11,16,2.9,3,25,79.0,13.0,1255.0,0.0,0.0,0.0,TB,136.0,21,16,24,31,13,69,31,13,63,1
MIKE STRACHAN,1.1,0.3,0.0,11.3,0.0,0.0,0.0,0.8,4.5,215.0,202.0,225.0,13.0,13.0,228.0,1.4,5.5,199.0,198,216,1.0,12,200,1.0,0.0,45.0,0.0,0.0,0.0,CAR,3.0,17,13,18,0,75,0,0,100,0,0
MIKE WILLIAMS,10.4,6.3,0.3,83.0,0.3,0.0,1.0,8.7,31.2,53.1,43.0,53.0,6.3,6.0,78.0,16.7,50.2,55.7,45,56,7.0,6,79,19.0,1.0,249.0,1.0,0.0,3.0,NYJ,26.0,16,20,12,33,0,33,33,0,67,2
MILES BOYKIN,0.1,0.2,0.0,1.1,0.0,0.0,0.0,0.3,1.7,236.5,218.0,233.0,18.5,13.0,255.0,0.3,4.7,228.5,211,229,17.5,13,246,3.0,0.0,17.0,0.0,0.0,0.0,NYG,4.0,4,23,1,0,100,0,0,100,0,0
NATHANIEL DELL,10.7,4.3,0.6,64.5,1.0,0.0,4.6,6.8,118.0,25.7,19.0,26.0,4.3,4.0,35.0,15.0,165.0,30.3,23,31,4.3,5,40,47.0,7.0,709.0,11.0,0.0,51.0,HOU,75.0,31,32,16,27,36,55,27,36,55,3
NELSON AGHOLOR,3.7,2.1,0.2,22.4,0.0,0.0,0.0,2.6,62.1,115.3,95.0,122.0,11.1,9.0,147.0,5.7,97.1,116.1,96,123,11.2,9,147,35.0,4.0,381.0,0.0,0.0,0.0,BAL,45.0,12,10,13,0,69,13,0,56,6,3
NICK WESTBROOK,4.1,2.0,0.2,26.4,0.0,0.0,0.0,3.2,57.0,136.3,126.0,142.0,7.7,10.0,147.0,6.1,85.0,136.6,127,141,7.4,10,146,28.0,3.0,370.0,0.0,0.0,0.0,TEN,45.0,28,29,19,0,54,8,0,62,8,5
NICO COLLINS,12.0,5.3,0.5,86.5,0.1,0.0,0.5,7.3,180.4,15.3,9.0,14.0,4.0,3.0,28.0,17.4,260.4,18.0,11,17,3.7,3,30,80.0,8.0,1297.0,1.0,0.0,7.0,HOU,109.0,31,32,16,21,29,43,21,29,36,1
NOAH BROWN,6.9,3.3,0.2,56.7,0.1,0.0,-0.1,5.5,68.6,103.2,92.0,103.0,5.0,8.0,121.0,10.2,101.6,105.7,94,103,4.6,8,123,33.0,2.0,567.0,1.0,0.0,-1.0,HOU,55.0,31,32,16,10,60,30,10,60,30,4
ODELL BECKHAM,5.2,2.5,0.2,40.4,0.0,0.0,0.0,4.6,72.5,85.5,62.0,91.0,7.6,8.0,101.0,7.7,107.5,87.5,72,89,7.0,8,105,35.0,3.0,565.0,0.0,0.0,0.0,MIA,64.0,29,12,32,0,64,29,0,64,21,3
OLAMIDE ZACCHEAUS,1.7,0.6,0.1,9.6,0.0,0.0,0.0,1.2,28.4,154.8,128.0,163.0,14.9,11.0,173.0,2.3,38.4,155.3,129,164,14.6,11,172,10.0,2.0,164.0,0.0,0.0,0.0,WAS,20.0,13,4,28,0,86,7,0,86,0,6
PARKER WASHINGTON,2.6,1.8,0.2,14.7,0.0,0.0,0.0,2.3,23.2,129.3,112.0,130.0,10.5,10.0,161.0,4.4,39.2,126.8,107,131,11.0,10,160,16.0,2.0,132.0,0.0,0.0,0.0,JAC,21.0,32,31,21,0,75,13,0,75,13,5
PARRIS CAMPBELL,0.9,1.7,0.0,8.7,0.0,0.0,0.0,2.3,10.4,125.7,99.0,138.0,16.0,10.0,148.0,2.5,30.4,120.4,97,136,15.6,10,149,20.0,0.0,104.0,0.0,0.0,0.0,PHI,27.0,6,11,7,0,100,0,0,92,0,3
PHILLIP DORSETT,0.0,0.0,0.0,0.0,0.0,0.0,0.0,1.5,0.0,222.0,215.0,231.0,7.0,13.0,229.0,0.0,0.0,219.5,213,228,6.5,13,226,0.0,0.0,0.0,0.0,0.0,0.0,DEN,3.0,19,28,8,0,100,0,0,100,0,0
PUKA NACUA,11.4,6.2,0.4,87.4,0.7,0.0,5.2,9.4,193.5,7.7,6.0,7.0,1.0,2.0,11.0,17.6,298.5,7.7,6,8,1.3,2,12,105.0,6.0,1486.0,12.0,0.0,89.0,LAR,160.0,11,22,6,19,19,56,19,19,56,1
QUENTIN JOHNSTON,3.3,2.2,0.1,25.4,0.2,0.0,0.5,3.9,56.0,71.1,59.0,70.0,7.7,7.0,95.0,5.5,94.0,71.2,57,68,8.0,7,96,38.0,2.0,431.0,3.0,0.0,9.0,LAC,67.0,30,25,25,0,69,0,0,69,0,3
QUEZ WATKINS,2.2,1.7,0.1,15.8,0.0,0.0,0.0,2.3,20.2,142.0,113.0,141.0,20.8,10.0,206.0,3.9,35.2,141.3,113,140,21.0,10,206,15.0,1.0,142.0,0.0,0.0,0.0,PIT,21.0,23,26,20,0,100,0,0,100,0,5
RAKIM JARRETT,0.6,0.4,0.0,6.0,0.1,0.0,0.0,0.9,6.0,193.5,160.0,200.0,20.5,12.0,215.0,1.0,10.0,192.0,161,202,18.5,12,209,4.0,0.0,60.0,1.0,0.0,0.0,TB,9.0,21,16,24,0,89,0,0,100,0,6
RANDALL COBB,1.1,0.5,0.1,3.5,0.0,0.0,0.0,1.5,11.9,221.3,199.0,221.0,23.0,12.0,253.0,1.5,16.9,220.3,203,224,16.2,12,242,5.0,1.0,39.0,0.0,0.0,0.0,FA,17.0,33,33,33,0,90,0,0,90,0,0
RASHEE RICE,8.3,4.9,0.4,58.6,0.1,0.0,-0.2,6.4,133.5,37.8,21.0,40.0,6.7,5.0,52.0,13.3,212.5,36.3,20,36,6.4,5,53,79.0,7.0,938.0,1.0,0.0,-3.0,KC,102.0,8,6,14,0,13,31,6,13,31,2
RASHID SHAHEED,6.8,2.9,0.3,44.9,0.4,0.0,2.3,4.7,109.6,51.9,41.0,50.0,5.5,6.0,67.0,9.7,155.6,55.8,46,57,4.8,6,67,46.0,5.0,719.0,7.0,0.0,37.0,NO,75.0,15,21,10,7,60,27,0,60,27,2
RASHOD BATEMAN,2.8,2.0,0.1,22.9,0.1,0.0,1.1,3.5,44.5,70.7,52.0,69.0,6.7,7.0,92.0,4.8,76.5,71.4,52,69,6.6,7,93,32.0,1.0,367.0,1.0,0.0,18.0,BAL,56.0,12,10,13,0,80,0,0,87,0,2
RAY RAY MCCLOUD,1.4,1.0,0.0,11.3,0.3,0.0,2.5,1.3,16.5,150.2,120.0,168.0,18.7,11.0,176.0,2.4,28.5,150.0,118,168,19.6,11,177,12.0,0.0,135.0,3.0,0.0,30.0,ATL,15.0,20,8,29,0,91,0,0,100,0,5
RICHIE JAMES,1.0,1.1,0.0,12.7,0.0,0.0,0.0,1.6,9.4,219.3,186.0,214.0,32.3,12.0,263.0,2.2,19.4,217.0,183,214,31.0,12,258,10.0,0.0,114.0,0.0,0.0,0.0,FA,14.0,33,33,33,0,88,0,0,88,0,0
RICKY PEARSALL,0.0,0.0,0.0,0.0,0.0,0.0,0.0,0.0,0.0,73.5,44.0,78.0,8.9,7.0,100.0,0.0,0.0,76.9,60,82,7.6,8,100,0.0,0.0,0.0,0.0,0.0,0.0,SF,0.0,2,3,9,0,0,0,0,0,0,3
RIVER CRACRAFT,1.8,0.9,0.1,12.1,0.0,0.0,0.0,1.2,18.1,198.3,163.0,202.0,24.0,12.0,228.0,2.7,27.1,188.8,163,198,17.4,11,212,9.0,1.0,121.0,0.0,0.0,0.0,MIA,12.0,29,12,32,0,89,11,0,89,0,7
ROBBIE CHOSEN,2.1,0.4,0.1,14.0,0.0,0.0,0.0,0.7,18.6,223.7,184.0,215.0,38.6,12.0,276.0,2.5,22.6,224.7,188,218,34.6,12,271,4.0,1.0,126.0,0.0,0.0,0.0,FA,6.0,33,33,33,0,88,13,0,88,0,0
ROBERT WOODS,3.5,2.9,0.1,30.4,0.1,0.0,0.5,5.4,49.3,112.3,95.0,107.0,11.4,9.0,160.0,6.4,89.3,110.8,88,107,11.1,9,155,40.0,1.0,426.0,1.0,0.0,7.0,HOU,75.0,31,32,16,0,64,0,0,64,0,5
ROMAN WILSON,0.0,0.0,0.0,0.0,0.0,0.0,0.0,0.0,0.0,77.1,62.0,80.0,7.4,7.0,104.0,0.0,0.0,77.5,64,79,7.3,7,104,0.0,0.0,0.0,0.0,0.0,0.0,PIT,0.0,23,26,20,0,0,0,0,0,0,2
ROME ODUNZE,0.0,0.0,0.0,0.0,0.0,0.0,0.0,0.0,0.0,44.1,31.0,44.0,6.3,6.0,65.0,0.0,0.0,44.9,33,43,6.6,6,66,0.0,0.0,0.0,0.0,0.0,0.0,CHI,0.0,9,2,27,0,0,0,0,0,0,3
ROMEO DOUBS,6.8,3.5,0.5,39.6,0.0,0.0,0.0,5.6,115.4,55.7,44.0,56.0,5.6,6.0,71.0,10.3,174.4,57.0,44,58,5.6,6,71,59.0,8.0,674.0,0.0,0.0,0.0,GB,96.0,5,5,17,0,44,25,0,44,31,3
RONDALE MOORE,3.8,2.4,0.1,20.7,1.6,0.1,10.5,3.6,65.0,90.3,75.0,88.0,6.9,8.0,112.0,6.2,105.0,89.8,75,87,7.2,8,109,40.0,1.0,352.0,28.0,1.0,178.0,ATL,62.0,20,8,29,0,69,13,0,69,6,3
RONNIE BELL,1.6,0.4,0.2,4.3,0.0,0.0,0.0,0.8,24.8,165.2,141.0,172.0,19.4,11.0,190.0,1.9,30.8,164.2,139,172,18.6,11,185,6.0,3.0,68.0,0.0,0.0,0.0,SF,13.0,2,3,9,0,87,0,0,87,0,5
RYAN FLOURNOY,0.0,0.0,0.0,0.0,0.0,0.0,0.0,0.0,0.0,133.4,115.0,154.0,14.1,10.0,156.0,0.0,0.0,132.5,115,153,14.0,10,157,0.0,0.0,0.0,0.0,0.0,0.0,DAL,0.0,1,1,2,0,0,0,0,0,0,0
SAMORI TOURE,0.7,0.7,0.0,7.1,0.0,0.0,0.0,1.6,7.8,205.5,164.0,203.0,30.9,12.0,251.0,1.4,15.8,202.0,164,204,28.8,12,245,8.0,0.0,78.0,0.0,0.0,0.0,GB,18.0,5,5,17,0,100,0,0,100,0,7
SCOTT MILLER,1.7,0.6,0.1,9.5,0.0,0.0,0.0,0.9,28.1,160.8,133.0,169.0,19.9,11.0,190.0,2.3,39.1,157.2,132,169,17.9,11,182,11.0,2.0,161.0,0.0,0.0,0.0,PIT,16.0,23,26,20,0,79,0,0,93,0,6
SKYY MOORE,2.3,1.5,0.1,17.4,0.2,0.0,1.6,2.7,32.7,120.7,104.0,116.0,11.7,9.0,150.0,3.8,53.7,120.5,102,119,11.5,9,149,21.0,1.0,244.0,3.0,0.0,23.0,KC,38.0,8,6,14,0,86,7,0,86,7,6
STEFON DIGGS,9.8,6.3,0.5,69.6,0.1,0.0,0.3,9.4,166.8,27.7,19.0,28.0,4.1,4.0,38.0,16.1,273.8,24.0,14,25,4.9,4,36,107.0,8.0,1183.0,1.0,0.0,5.0,HOU,160.0,31,32,16,6,31,50,13,25,56,2
STERLING SHEPARD,0.7,0.7,0.1,3.8,0.1,0.0,0.4,1.5,10.3,200.8,155.0,199.0,38.3,12.0,261.0,1.4,20.3,196.3,154,201,34.6,12,250,10.0,1.0,57.0,1.0,0.0,6.0,TB,22.0,21,16,24,0,92,0,0,100,0,5
TAHJ WASHINGTON,0.0,0.0,0.0,0.0,0.0,0.0,0.0,0.0,0.0,168.0,125.0,173.0,22.3,11.0,187.0,0.0,0.0,160.6,120,170,20.6,11,176,0.0,0.0,0.0,0.0,0.0,0.0,MIA,0.0,29,12,32,0,0,0,0,0,0,0
TEE HIGGINS,8.0,3.5,0.4,54.7,0.0,0.0,0.0,6.3,95.6,24.6,18.0,24.0,3.6,4.0,33.0,11.5,137.6,29.0,21,30,3.4,4,37,42.0,5.0,656.0,0.0,0.0,0.0,CIN,76.0,27,27,23,25,50,33,17,50,33,2
TERRACE MARSHALL,1.5,2.1,0.0,15.4,0.0,0.0,0.0,3.7,13.9,150.0,118.0,160.0,25.2,11.0,188.0,3.7,32.9,144.8,117,161,20.9,11,174,19.0,0.0,139.0,0.0,0.0,0.0,CAR,33.0,17,13,18,0,86,0,0,71,14,5
TERRY MCLAURIN,7.3,4.6,0.2,58.9,0.0,0.0,0.0,7.8,124.2,32.2,24.0,31.0,3.5,5.0,40.0,12.0,203.2,30.4,22,32,3.4,5,38,79.0,4.0,1002.0,0.0,0.0,0.0,WAS,132.0,13,4,28,6,19,25,6,13,38,1
TIM JONES,0.5,0.6,0.0,4.9,0.0,0.0,0.0,1.1,8.3,208.5,198.0,223.0,10.5,12.0,219.0,1.1,19.3,209.5,198,223,11.5,12,221,11.0,0.0,83.0,0.0,0.0,0.0,JAC,18.0,32,31,21,0,100,0,0,100,0,7
TIM PATRICK,0.0,0.0,0.0,0.0,0.0,0.0,0.0,0.0,0.0,119.9,106.0,129.0,8.4,10.0,135.0,0.0,0.0,120.6,108,130,7.8,10,134,0.0,0.0,0.0,0.0,0.0,0.0,DEN,0.0,19,28,8,0,0,0,0,0,0,5
TRE TUCKER,3.3,1.2,0.1,20.7,0.6,0.0,4.8,2.1,52.8,113.2,89.0,114.0,12.4,9.0,146.0,4.5,71.8,113.8,90,115,12.2,9,146,19.0,2.0,331.0,10.0,0.0,77.0,LV,34.0,18,17,22,8,77,8,0,77,8,3
TRENT SHERFIELD,0.9,0.6,0.1,5.1,0.0,0.0,0.0,1.3,14.6,139.9,129.0,148.0,10.4,10.0,167.0,1.5,25.6,140.3,131,152,9.2,10,163,11.0,1.0,86.0,0.0,0.0,0.0,MIN,22.0,10,24,3,0,100,0,0,100,0,4
TRENT TAYLOR,-0.1,0.0,0.0,0.0,0.1,0.0,-0.1,0.1,-2.2,231.5,224.0,234.0,7.5,13.0,239.0,-0.1,-2.2,242.5,229,234,13.5,13,256,0.0,0.0,0.0,1.0,0.0,-2.0,SF,2.0,2,3,9,0,100,0,0,100,0,0
TRENTON IRWIN,2.4,1.6,0.1,19.8,0.0,0.0,0.0,2.0,37.6,128.6,103.0,137.0,10.4,10.0,139.0,3.9,62.6,128.4,103,137,11.0,10,141,25.0,1.0,316.0,0.0,0.0,0.0,CIN,32.0,27,27,23,0,86,7,0,79,0,5
TREQUAN SMITH,0.0,0.0,0.0,0.0,0.0,0.0,0.0,0.0,0.0,191.0,166.0,213.0,25.0,12.0,216.0,0.0,0.0,185.5,166,212,19.5,12,205,0.0,0.0,0.0,0.0,0.0,0.0,DET,0.0,24,30,11,0,100,0,0,100,0,6
TREY PALMER,3.3,2.3,0.2,22.6,0.2,0.0,1.3,4.0,56.7,99.4,72.0,98.0,9.0,8.0,147.0,5.6,95.7,98.4,70,94,9.1,8,148,39.0,3.0,385.0,3.0,0.0,22.0,TB,68.0,21,16,24,0,63,6,0,69,6,3
TREYLON BURKS,2.2,1.5,0.0,20.1,0.5,0.0,1.6,2.7,23.9,89.8,73.0,92.0,10.2,8.0,122.0,3.6,39.9,90.3,72,91,9.9,8,122,16.0,0.0,221.0,5.0,0.0,18.0,TEN,30.0,28,29,19,0,80,0,0,80,0,4
TRISHTON JACKSON,0.5,0.3,0.0,1.5,0.0,0.0,0.0,0.7,2.9,207.5,201.0,222.0,6.5,12.0,214.0,0.8,4.9,207.5,205,221,2.5,12,210,2.0,0.0,9.0,0.0,0.0,0.0,MIN,4.0,10,24,3,0,100,0,0,100,0,6
TROY FRANKLIN,0.0,0.0,0.0,0.0,0.0,0.0,0.0,0.0,0.0,78.7,62.0,75.0,8.8,7.0,108.0,0.0,0.0,78.6,62,77,8.4,7,107,0.0,0.0,0.0,0.0,0.0,0.0,DEN,0.0,19,28,8,0,0,0,0,0,0,4
TYLER BOYD,4.6,3.9,0.1,39.2,0.1,0.0,0.6,5.8,78.8,87.5,71.0,84.0,6.9,8.0,101.0,8.6,145.8,82.5,63,81,8.4,7,99,67.0,2.0,667.0,2.0,0.0,11.0,TEN,98.0,28,29,19,0,56,19,0,38,13,3
TYLER LOCKETT,7.3,4.6,0.3,52.6,0.0,0.0,0.0,7.2,123.4,50.8,40.0,49.0,4.6,6.0,62.0,11.9,202.4,46.5,39,47,4.7,6,57,79.0,5.0,894.0,0.0,0.0,0.0,SEA,122.0,3,7,4,6,38,19,6,31,38,2
TYLER SCOTT,1.1,1.0,0.0,9.9,0.4,0.0,2.4,1.9,18.9,110.8,96.0,106.0,9.0,9.0,143.0,2.1,35.9,111.4,93,106,8.8,9,143,17.0,0.0,168.0,7.0,0.0,41.0,CHI,32.0,9,2,27,0,93,0,0,93,0,4
TYQUAN THORNTON,1.6,1.4,0.0,10.1,0.3,0.0,5.7,2.6,14.2,146.6,129.0,158.0,14.0,11.0,168.0,3.0,27.2,147.7,127,158,15.4,11,170,13.0,0.0,91.0,3.0,0.0,51.0,NE,23.0,25,9,31,0,100,0,0,100,0,7
TYREEK HILL,16.1,7.4,0.8,112.4,0.4,0.0,0.9,10.7,257.4,2.1,1.0,2.0,0.7,1.0,3.0,23.5,376.4,2.5,1,2,1.2,1,5,119.0,13.0,1799.0,6.0,0.0,15.0,MIA,171.0,29,12,32,40,0,73,60,0,73,1
VAN JEFFERSON,1.3,1.2,0.0,12.3,0.1,0.0,0.2,2.5,21.3,123.5,100.0,126.0,11.5,9.0,148.0,2.4,41.3,123.1,99,126,12.8,9,152,20.0,0.0,209.0,1.0,0.0,4.0,PIT,43.0,23,26,20,0,94,0,0,100,0,3
VELUS JONES,0.5,0.3,0.0,1.4,0.6,0.0,3.6,0.5,7.1,190.0,148.0,195.0,28.1,12.0,217.0,0.8,11.1,186.5,146,194,26.5,11,218,4.0,0.0,20.0,8.0,0.0,51.0,CHI,7.0,9,2,27,0,100,0,0,100,0,5
WANDALE ROBINSON,4.9,4.0,0.1,35.0,0.6,0.1,5.8,5.2,73.2,76.6,63.0,76.0,5.4,7.0,94.0,8.9,133.2,69.6,53,70,7.2,7,91,60.0,1.0,525.0,9.0,1.0,87.0,NYG,78.0,4,23,1,0,64,14,0,64,14,2
XAVIER GIPSON,2.2,1.2,0.0,13.5,0.5,0.1,4.0,2.2,37.7,118.4,98.0,131.0,14.4,10.0,167.0,3.5,58.7,119.7,98,129,14.7,10,170,21.0,0.0,229.0,8.0,1.0,68.0,NYJ,38.0,16,20,12,0,75,0,0,81,0,5
XAVIER HUTCHINSON,0.9,0.5,0.0,6.0,0.3,0.0,3.3,1.3,13.9,133.8,111.0,139.0,13.0,10.0,156.0,1.5,21.9,133.3,105,139,14.7,10,161,8.0,0.0,90.0,5.0,0.0,49.0,HOU,19.0,31,32,16,0,100,0,0,100,0,7
XAVIER LEGETTE,0.0,0.0,0.0,0.0,0.0,0.0,0.0,0.0,0.0,73.3,54.0,72.0,9.6,7.0,109.0,0.0,0.0,72.2,53,74,9.5,7,108,0.0,0.0,0.0,0.0,0.0,0.0,CAR,0.0,17,13,18,0,0,0,0,0,0,3
XAVIER WORTHY,0.0,0.0,0.0,0.0,0.0,0.0,0.0,0.0,0.0,41.4,31.0,41.0,5.2,5.0,56.0,0.0,0.0,45.0,36,45,4.7,6,55,0.0,0.0,0.0,0.0,0.0,0.0,KC,0.0,8,6,14,0,0,0,0,0,0,3
ZACH PASCAL,0.1,0.3,0.0,1.4,0.0,0.0,0.0,1.1,1.9,170.0,120.0,186.0,31.7,11.0,208.0,0.4,5.9,173.8,121,187,33.7,11,215,4.0,0.0,19.0,0.0,0.0,0.0,ARI,15.0,7,14,5,0,100,0,0,100,0,6
ZAY FLOWERS,8.1,4.8,0.3,53.6,0.5,0.1,3.5,6.8,129.4,28.7,17.0,29.0,4.5,4.0,46.0,12.9,206.4,27.0,15,26,4.2,4,44,77.0,5.0,858.0,8.0,1.0,56.0,BAL,108.0,12,10,13,6,19,31,0,19,38,1
ZAY JONES,4.9,3.8,0.2,35.7,0.0,0.0,0.0,7.1,44.1,88.7,71.0,89.0,11.1,8.0,136.0,8.7,78.1,84.8,65,85,11.8,8,134,34.0,2.0,321.0,0.0,0.0,0.0,ARI,64.0,7,14,5,0,50,13,0,38,13,3
